item_id,name,price,Category,Meal_Type,calories_kcal,protein_g,fat_g,carbohydrates_g,salt_equivalent_g,saturated_fat_g,sugar_g,dietary_fiber_g,cholesterol_mg,sodium_mg,vitamin_c_mg,calcium_mg,iron_mg
1,salmon onigiri,150,protein,dinner,152,1.2,15.5,40.7,1.0,4.2,8.6,2.7,10,849.0,17.8,12.6,0.5
2,tuna mayo onigiri,140,protein,lunch,485,28.7,37.5,13.9,3.8,2.8,9.6,1.1,150,827.0,34.0,5.4,3.8
3,pickled plum onigiri,130,meal,lunch,320,25.0,5.6,59.9,4.1,7.0,2.0,0.5,0,1531.0,28.6,296.3,2.7
4,kelp onigiri,120,meal,lunch,156,25.8,13.7,8.4,5.0,5.3,8.4,7.9,45,1951.0,39.8,128.3,4.8
5,spicy cod roe onigiri,160,meal,lunch,121,27.2,4.6,49.2,2.1,8.8,13.9,2.6,100,2259.0,56.2,115.3,1.7
6,grilled salmon onigiri,170,protein,dinner,750,3.5,37.0,56.6,1.9,1.2,8.9,6.5,148,2184.0,44.0,203.9,3.2
7,chicken rice onigiri,145,grain,lunch,70,13.2,35.1,32.2,3.9,14.6,4.4,2.0,89,104.0,12.9,65.5,4.7
8,beef rice onigiri,155,grain,dinner,664,4.9,10.4,61.1,1.8,14.8,6.0,5.5,109,1873.0,1.9,285.0,0.5
9,teriyaki chicken bento,520,protein,lunch,171,30.3,26.4,7.9,4.7,10.5,23.0,6.1,163,1251.0,15.7,235.9,4.7
10,karaage bento,500,protein,lunch,516,22.2,32.7,8.5,4.3,8.0,10.3,4.8,181,882.0,35.7,26.8,3.4
11,pork cutlet bento,550,protein,lunch,264,12.3,22.3,83.1,2.2,4.6,18.2,3.8,56,362.0,3.1,125.3,0.3
12,grilled fish bento,530,protein,lunch,380,3.2,21.2,39.2,3.8,12.2,25.2,3.3,0,1908.0,29.8,263.7,1.5
13,vegetable stir fry bento,480,meal,lunch,508,11.6,9.7,17.1,3.8,10.3,34.5,2.8,62,2057.0,35.8,283.4,3.5
14,mapo tofu bowl,450,legume,lunch,137,12.1,3.8,54.6,0.6,2.4,2.0,7.4,181,2056.0,20.1,140.2,0.3
15,beef bowl,580,protein,lunch,422,25.8,35.9,78.1,4.5,13.7,40.0,6.6,54,1840.0,46.3,184.0,2.9
16,tempura bowl,490,meal,lunch,149,22.7,36.0,25.5,2.6,12.3,31.4,7.7,114,377.0,6.4,50.1,1.7
17,oyakodon,500,meal,lunch,713,31.2,25.4,64.2,4.1,14.2,4.1,1.0,167,1337.0,4.5,297.4,3.1
18,curry rice bento,460,grain,lunch,180,17.1,13.6,13.1,1.7,10.9,43.7,5.8,142,2193.0,43.7,69.5,0.2
19,matcha latte,130,beverage,breakfast,711,5.1,14.0,9.9,4.5,9.2,46.0,7.5,148,1161.0,29.7,282.8,4.4
20,boss coffee black,120,beverage,breakfast,358,25.3,29.1,55.5,2.0,6.3,3.1,1.4,174,1361.0,41.3,194.9,4.9
21,pocari sweat,150,beverage,snack,393,26.9,35.9,56.4,0.2,14.0,13.8,0.5,52,501.0,26.1,182.3,4.8
22,calpis water,140,beverage,snack,541,20.1,35.5,65.6,4.5,13.0,40.3,5.9,136,1573.0,14.8,153.8,3.7
23,iyemon green tea,130,beverage,breakfast,463,27.2,31.2,74.0,0.5,0.7,37.4,4.6,179,214.0,49.1,69.2,0.7
24,suntory black oolong tea,120,beverage,breakfast,435,17.8,25.7,97.7,1.7,0.4,9.2,6.7,56,231.0,48.0,53.0,3.8
25,cc lemon,110,meal,snack,241,18.8,3.5,54.0,4.8,5.6,10.5,1.1,116,959.0,41.7,66.1,0.1
26,fanta grape,110,beverage,snack,326,15.5,6.5,35.7,4.8,12.2,18.5,6.4,153,872.0,16.3,55.9,0.1
27,coca cola,120,beverage,snack,210,1.9,36.0,80.5,2.9,14.8,24.2,1.6,168,993.0,35.4,233.9,1.6
28,strong zero double lemon,200,meal,dinner,509,4.7,24.3,30.7,3.2,2.3,30.9,1.3,34,2051.0,21.7,105.0,2.4
29,asahi super dry,250,meal,dinner,363,2.1,0.5,46.7,2.3,8.9,18.4,1.3,62,2104.0,5.5,17.4,3.9
30,kirin ichiban shibori,260,meal,dinner,71,22.6,4.1,12.5,1.5,5.7,23.1,6.5,24,379.0,55.0,290.7,3.4
31,salty lychee,180,beverage,snack,302,11.7,26.6,7.4,1.7,14.5,37.4,5.3,89,824.0,8.2,265.1,2.2
32,horoyoi grape,190,meal,dinner,797,18.3,0.3,96.5,3.4,12.6,1.8,4.2,74,2248.0,57.0,278.3,1.4
33,kaki no tane,110,meal,snack,610,31.9,6.5,84.4,3.8,12.6,12.6,2.9,37,196.0,26.8,298.5,5.0
34,pocky chocolate,140,beverage,snack,524,9.5,22.0,71.1,4.0,7.0,35.7,7.0,129,964.0,11.1,52.2,2.1
35,pocky strawberry,140,snack,snack,108,15.0,27.7,43.9,4.0,6.2,44.8,3.1,134,1621.0,32.5,118.9,2.3
36,melonpan,160,meal,breakfast,560,26.7,26.1,21.5,0.5,4.1,25.6,6.5,161,1358.0,52.4,227.5,0.8
37,anpan,130,meal,breakfast,731,8.8,9.0,19.9,2.5,0.8,26.6,3.5,90,131.0,43.9,208.8,4.0
38,curry pan,150,meal,lunch,525,3.6,28.5,28.8,0.4,13.0,5.4,3.0,16,563.0,48.4,46.2,3.5
39,mitarashi dango,120,dessert,snack,749,10.9,9.6,57.2,2.8,12.2,22.4,3.7,127,1970.0,39.5,244.7,1.1
40,red bean mochi,110,dessert,snack,239,6.5,13.1,72.9,2.3,15.0,26.6,2.4,170,1989.0,41.5,67.3,0.4
41,matcha warabi mochi,130,dessert,snack,736,32.6,29.9,67.7,4.4,14.9,12.1,6.0,186,795.0,51.0,67.1,3.4
42,umaibo,50,snack,snack,612,28.5,26.0,31.6,1.8,8.3,13.5,4.0,107,1459.0,15.0,161.1,3.3
43,umaibo,50,snack,snack,616,22.5,34.0,95.7,0.7,11.5,18.9,1.9,178,756.0,29.4,177.9,1.4
44,takenoko no sato,120,snack,snack,293,30.6,26.3,75.1,0.8,14.2,1.0,7.2,181,520.0,13.3,174.0,4.8
45,apollo chocolate,100,beverage,snack,554,28.3,22.8,57.7,3.8,12.7,16.1,3.1,151,445.0,59.3,27.4,0.8
46,kitkat matcha,130,dessert,snack,180,7.3,3.8,63.1,3.1,3.7,10.6,4.3,24,1605.0,56.6,263.2,2.2
47,meiji almond chocolate,150,beverage,snack,534,31.3,14.8,44.9,0.6,6.8,16.4,7.3,198,2358.0,2.4,79.7,4.7
48,calbee potato chips,140,snack,snack,696,19.3,10.7,28.5,0.5,1.9,6.0,5.0,179,854.0,42.3,38.9,2.1
49,calbee jagariko,130,snack,snack,70,28.5,9.8,38.8,3.5,14.3,44.5,0.9,197,983.0,55.5,266.6,3.2
50,cheeza crackers,180,snack,snack,216,31.5,38.9,77.0,0.5,9.1,29.7,7.5,87,1329.0,10.8,286.7,2.0
51,nikuman,180,meal,lunch,323,11.8,15.8,6.4,4.1,3.4,34.0,5.0,160,1807.0,34.1,258.6,1.4
52,anman,180,meal,snack,437,4.7,35.7,16.0,3.6,10.1,39.5,2.7,176,954.0,54.9,242.9,4.9
53,oden set,350,meal,dinner,650,8.7,25.3,9.4,0.5,9.3,24.9,1.1,28,1126.0,2.0,196.6,2.0
54,pizza bun,170,meal,lunch,365,15.5,31.8,8.9,0.5,5.4,4.3,6.4,62,1940.0,41.8,165.3,4.5
55,chicken karaage kun,220,protein,snack,63,28.8,20.2,86.3,4.9,1.7,26.9,5.0,149,1573.0,17.8,26.1,1.1
56,hash browns,130,meal,breakfast,291,30.3,23.1,71.8,1.9,10.1,29.3,4.3,153,1437.0,55.5,122.5,1.1
57,grilled sausage stick,150,protein,snack,395,1.2,19.8,50.0,1.9,7.8,37.3,7.2,155,1353.0,58.3,111.8,0.2
58,boiled egg,80,protein,breakfast,614,18.4,7.9,14.3,4.1,11.6,21.6,6.3,113,642.0,56.7,77.9,3.3
59,seasoned seaweed,100,meal,side,389,15.2,28.9,51.7,4.7,7.8,6.4,1.2,48,2156.0,28.5,217.0,1.8
60,miso soup,120,meal,side,141,8.6,11.3,50.0,4.9,12.8,14.2,2.5,198,177.0,51.7,148.8,4.3
61,corn potage soup,140,meal,breakfast,416,5.1,1.1,21.5,3.8,8.3,18.2,2.0,80,785.0,50.7,24.3,2.4
62,instant ramen,200,meal,lunch,504,12.5,25.9,46.2,1.9,8.4,32.3,6.0,83,570.0,19.1,66.1,4.8
63,instant ramen,200,meal,lunch,477,33.1,7.2,42.9,0.5,13.1,28.5,0.3,104,286.0,49.7,205.0,0.9
64,instant udon,180,grain,lunch,558,12.0,37.6,63.5,3.9,6.1,17.8,4.6,176,1354.0,2.2,22.8,4.3
65,instant soba,180,grain,lunch,84,18.6,38.2,65.3,2.8,2.0,49.3,6.1,147,1831.0,35.8,255.4,3.9
66,onigiri variety pack,600,meal,lunch,255,24.9,36.6,9.3,2.2,0.4,30.3,7.0,117,1351.0,13.8,148.5,3.9
67,bento combo set,850,meal,lunch,130,13.4,14.9,40.6,4.5,11.3,11.9,2.7,85,2101.0,7.2,144.2,4.2
68,frozen gyoza,350,meal,dinner,611,34.0,0.7,64.5,0.6,9.3,5.1,6.6,62,491.0,4.6,177.7,3.8
69,taiyaki,160,dessert,snack,437,33.7,37.1,52.8,2.5,10.6,7.6,0.9,188,2126.0,41.8,247.4,3.1
70,custard taiyaki,160,dessert,snack,51,9.6,17.2,86.4,0.2,3.2,12.3,6.8,103,854.0,20.4,104.3,0.7
71,royce' chocolate,800,beverage,snack,439,17.9,38.7,67.6,2.4,2.0,8.0,1.0,48,124.0,43.5,203.4,0.2
72,shiroi koibito,1200,meal,snack,615,11.2,38.5,20.5,0.4,0.2,9.3,3.2,70,2225.0,3.9,169.7,4.6
73,tokyo banana,1000,dessert,snack,155,10.7,34.1,11.7,0.7,5.3,14.3,6.4,0,2139.0,18.9,80.1,3.1
74,sakura mochi,150,dessert,snack,526,2.3,11.8,66.0,0.7,8.8,8.7,1.2,140,1429.0,32.4,263.6,4.0
75,strawberry daifuku,170,meal,snack,752,21.7,15.5,7.5,3.3,5.9,44.8,1.8,178,90.0,47.4,239.2,2.4
76,matcha ice cream,200,dairy,snack,451,18.1,34.1,60.6,3.8,6.6,4.0,5.8,122,2131.0,19.1,197.5,0.6
77,vanilla ice cream,180,dairy,snack,779,2.8,12.7,94.3,3.0,13.6,26.2,5.8,183,1750.0,37.6,255.2,0.6
78,häagen dazs green tea,350,beverage,breakfast,605,10.5,6.9,59.7,4.8,5.2,20.5,5.1,61,1451.0,53.2,260.2,3.4
79,garigari kun soda,80,meal,snack,211,31.9,22.3,41.9,1.9,7.7,49.1,5.6,31,637.0,37.0,212.5,2.2
80,yakult,250,beverage,breakfast,251,9.1,37.5,66.1,1.5,11.8,5.6,4.3,157,1672.0,14.0,251.1,1.0
81,meiji bulgaria yogurt,130,dairy,breakfast,319,5.9,27.9,48.5,4.4,5.9,19.9,2.0,28,391.0,1.5,209.2,2.5
82,aloe yogurt,150,dairy,breakfast,320,17.6,22.8,56.8,1.2,9.3,48.5,2.8,48,2124.0,52.2,204.0,0.3
83,onsen tamago,90,meal,breakfast,505,34.5,4.0,94.4,4.8,12.9,43.3,1.5,172,695.0,1.3,185.6,2.9
84,tofu,100,legume,dinner,511,9.2,24.6,41.7,0.2,14.2,40.9,7.3,29,780.0,52.5,225.8,1.3
85,natto,120,legume,breakfast,776,23.9,39.6,96.3,4.9,2.2,12.9,4.7,143,217.0,31.7,47.6,4.0
86,pickled radish,100,meal,side,301,26.9,5.7,91.0,0.3,13.9,8.5,3.2,167,659.0,56.3,264.3,1.6
87,edamame,180,legume,side,751,9.1,20.8,23.6,4.5,7.4,33.4,3.7,18,2365.0,47.9,261.6,2.3
88,soba noodles,300,grain,lunch,345,25.8,35.1,11.6,2.7,3.9,46.5,7.6,17,1822.0,59.9,8.8,0.1
89,udon noodles,280,grain,lunch,774,13.5,29.7,14.6,5.0,6.9,27.8,1.2,0,2090.0,21.0,247.7,0.4
90,rice,800,grain,lunch,769,22.5,27.9,6.7,0.5,14.7,28.6,4.7,77,504.0,46.0,38.7,2.0
91,bread crumbs,200,grain,breakfast,798,22.5,28.1,14.0,2.8,7.4,14.0,4.0,114,1758.0,24.1,100.5,2.4
92,tonkatsu sauce,250,condiment,side,387,19.2,14.4,69.9,4.8,4.9,38.5,4.9,174,751.0,28.8,223.1,3.0
93,soy sauce,180,condiment,side,102,4.1,11.8,11.8,2.7,9.5,9.4,0.1,193,1649.0,37.7,48.2,1.5
94,mirin,200,condiment,side,266,29.4,32.4,35.3,3.2,3.6,16.2,7.0,112,179.0,52.4,245.4,3.5
95,cooking sake,220,condiment,side,237,11.9,32.4,85.3,3.5,1.1,21.3,7.5,113,1895.0,59.0,249.6,4.3
96,mayonnaise,200,condiment,side,429,7.3,34.7,7.2,2.3,1.9,25.4,4.5,165,1436.0,46.1,152.2,3.9
97,instant miso soup pack,250,meal,side,542,2.4,36.5,82.4,3.2,1.9,12.1,5.6,178,742.0,25.1,1.9,0.2
98,green tea bags,400,beverage,breakfast,90,21.1,20.5,31.8,3.0,2.3,5.7,7.4,62,1444.0,25.3,86.1,2.4
99,coffee drip bags,500,beverage,breakfast,206,24.0,20.1,16.2,4.5,2.1,30.5,5.7,131,843.0,44.3,185.1,0.5
100,disposable chopsticks,150,supplement,any,64,1.6,32.0,71.2,0.3,9.6,14.4,1.2,128,78.0,14.3,294.4,1.2
101,paper plates,200,supplement,any,114,18.4,26.0,64.7,1.5,2.7,29.1,4.6,7,198.0,6.6,189.5,4.9
102,tissues,80,supplement,any,570,8.7,28.1,88.4,4.8,5.2,7.7,4.9,156,1369.0,21.3,77.9,0.7
103,lip balm,300,supplement,any,393,22.9,31.9,74.8,4.5,13.5,24.1,3.4,54,2108.0,17.2,190.2,2.5
104,hand cream,450,supplement,any,178,6.9,35.6,81.3,2.3,7.1,26.6,5.9,102,1186.0,17.8,162.0,3.1
105,phone charger cable,800,supplement,any,697,24.5,13.6,31.8,3.1,10.0,2.6,7.5,130,236.0,14.0,234.0,3.5
106,scrambled eggs,211,protein,breakfast,180,12.0,17.9,2.0,3.55,14.0,1.0,0.0,370,180.0,97.8,26.2,8.4
107,whole wheat toast,71,grain,breakfast,80,4.0,4.4,14.0,3.47,1.0,2.0,2.0,0,140.0,39.8,492.2,4.6
108,coffee,405,beverage,breakfast,5,0.3,23.6,0.0,2.86,0.1,0.0,0.0,0,5.0,89.8,457.9,3.9
109,banana,276,fruit,breakfast,105,1.3,8.7,27.0,4.07,0.4,14.0,3.1,0,1.0,64.5,158.5,6.8
110,grilled chicken salad,213,meal,lunch,350,30.0,10.0,10.0,2.18,20.0,4.0,5.0,80,400.0,24.6,13.4,2.7
111,apple,373,fruit,snack,95,0.5,5.4,25.0,0.58,0.3,19.0,4.4,0,2.0,11.3,61.1,1.8
112,salmon,344,protein,dinner,230,25.0,24.9,0.0,2.42,14.0,0.0,0.0,60,60.0,97.3,297.8,6.7
113,quinoa,469,grain,dinner,222,8.0,9.6,39.0,0.77,3.6,1.0,5.0,0,13.0,31.8,174.9,11.1
114,steamed broccoli,322,vegetable,dinner,55,3.7,23.1,11.2,4.23,0.6,2.0,5.1,0,40.0,8.0,467.6,8.5
115,greek yogurt,93,dairy,snack,150,25.0,10.2,8.0,3.84,3.0,7.0,0.0,10,85.0,46.1,475.2,10.9
116,oatmeal,327,grain,breakfast,160,6.0,9.3,28.0,1.26,3.0,1.0,4.0,0,2.0,42.5,222.4,5.4
117,blueberries,142,fruit,breakfast,42,0.5,18.3,11.0,4.23,0.2,7.0,1.8,0,1.0,46.8,53.4,13.4
118,almonds,82,nut,snack,164,6.0,11.6,6.0,1.1,14.0,1.0,3.5,0,1.0,75.9,392.0,8.7
119,turkey sandwich,247,meal,lunch,340,22.0,16.8,34.0,0.65,12.0,6.0,5.0,50,850.0,74.3,228.1,7.4
120,carrot sticks,129,vegetable,snack,52,1.2,6.9,12.3,0.62,0.3,6.0,3.6,0,88.0,24.6,481.9,11.7
121,spaghetti bolognese,260,meal,dinner,460,20.0,18.4,55.0,3.05,18.0,10.0,6.0,50,700.0,45.6,210.8,3.4
122,side salad,441,vegetable,dinner,70,2.0,4.6,8.0,1.65,4.0,3.0,3.0,0,150.0,85.3,345.6,14.2
123,protein shake,451,supplement,snack,120,24.0,4.8,3.0,3.97,1.0,2.0,1.0,5,160.0,42.7,492.2,1.9
124,cereal,209,grain,breakfast,130,2.0,15.9,31.0,2.02,0.0,11.0,1.0,0,190.0,57.4,476.0,0.6
125,milk (2%,437,meal,breakfast,122,8.0,23.5,12.0,1.78,5.0,12.0,0.0,20,100.0,13.8,211.3,4.1
126,lentil soup,452,meal,lunch,230,15.0,21.3,35.0,3.54,3.0,6.0,12.0,0,650.0,3.6,322.2,3.4
127,white rice,457,grain,dinner,204,4.2,8.8,44.5,4.29,0.4,0.1,0.6,0,2.0,77.0,466.9,5.6
128,tofu stir-fry,135,meal,dinner,400,18.0,12.1,30.0,2.73,22.0,9.0,7.0,0,500.0,97.8,112.4,6.4
129,orange,421,fruit,snack,62,1.2,12.8,15.4,2.85,0.2,12.0,3.1,0,0.0,9.8,494.3,14.8
130,bagel,148,grain,breakfast,270,11.0,18.3,55.0,4.78,1.5,5.0,2.0,0,430.0,46.8,35.5,2.1
131,cream cheese,391,dairy,breakfast,100,2.0,8.8,2.0,0.69,10.0,1.0,0.0,30,90.0,28.6,144.1,4.9
132,tuna salad,67,meal,lunch,190,19.0,8.0,2.0,1.95,12.0,1.0,1.0,30,400.0,84.6,275.8,9.0
133,crackers,459,grain,lunch,90,2.0,14.3,14.0,1.7,3.0,0.0,2.0,0,180.0,20.1,449.9,0.8
134,beef steak,345,protein,dinner,270,42.0,24.8,0.0,1.25,10.0,0.0,0.0,115,90.0,93.1,78.9,12.0
135,baked potato,427,vegetable,dinner,160,4.3,1.4,36.0,0.36,0.2,1.0,3.8,0,17.0,66.9,489.0,12.1
136,ice cream,451,dairy,snack,145,2.5,19.2,17.0,2.57,7.5,16.0,0.5,30,55.0,72.3,454.6,10.0
137,pizza,77,meal,dinner,290,12.0,3.0,34.0,0.91,12.0,4.0,2.0,35,720.0,65.9,310.4,1.1
138,avocado toast,206,meal,breakfast,260,7.0,2.3,28.0,3.12,15.0,1.0,10.0,0,350.0,72.5,425.6,5.5
139,hard-boiled egg,108,protein,snack,78,6.3,9.9,0.6,3.19,5.3,0.5,0.0,187,62.0,49.8,143.3,4.3
140,chicken wrap,428,meal,lunch,410,25.0,18.8,38.0,3.35,17.0,3.0,5.0,60,780.0,88.2,15.0,10.6
141,grapes,290,fruit,snack,104,1.1,6.3,27.0,2.14,0.2,23.0,1.4,0,3.0,50.6,230.0,6.2
142,cottage cheese,410,dairy,snack,90,12.0,22.1,5.0,2.18,3.0,4.0,0.0,10,400.0,57.3,492.5,0.1
143,burger,172,meal,dinner,550,30.0,1.2,40.0,3.41,30.0,7.0,3.0,90,1100.0,73.3,456.5,2.5
144,french fries,163,vegetable,dinner,340,4.0,7.9,44.0,0.22,17.0,0.3,4.0,0,230.0,13.2,35.3,11.8
145,protein bar,202,supplement,snack,210,20.0,9.1,22.0,2.94,7.0,1.0,6.0,5,180.0,48.0,2.8,11.6
146,black beans,148,legume,lunch,114,7.6,18.8,20.4,1.41,0.5,0.3,7.5,0,1.0,78.7,238.6,2.6
147,salsa,418,vegetable,lunch,20,0.8,24.1,4.5,4.57,0.1,3.0,1.0,0,250.0,49.6,209.9,12.5
148,chicken noodle soup,324,meal,lunch,150,7.0,14.4,18.0,3.14,5.0,2.0,2.0,15,890.0,89.6,172.2,2.1
149,peanut butter,299,nut,snack,190,7.0,20.6,8.0,1.88,16.0,3.0,2.0,0,140.0,62.6,357.4,0.3
150,celery sticks,67,vegetable,snack,14,0.6,21.4,3.0,4.06,0.2,1.2,1.4,0,77.0,96.5,301.6,6.1
151,cod,452,protein,dinner,95,20.0,8.2,0.0,3.38,0.8,0.0,0.0,55,95.0,25.5,494.7,5.9
152,green beans,468,vegetable,dinner,31,1.8,18.0,7.0,2.11,0.2,3.3,2.7,0,6.0,35.4,279.2,11.6
153,chocolate chip cookie,426,dessert,snack,220,2.5,22.1,30.0,1.89,11.0,19.0,1.5,20,160.0,35.4,329.3,7.6
154,shrimp,372,protein,dinner,84,20.0,22.3,0.2,1.72,0.2,0.0,0.0,161,100.0,14.4,193.2,1.0
155,pancakes,289,grain,breakfast,180,5.0,12.6,30.0,4.92,5.0,6.0,1.0,25,450.0,66.4,159.6,1.6
156,maple syrup,70,condiment,breakfast,104,0.0,7.1,27.0,0.93,0.0,24.0,0.0,0,2.0,5.1,253.0,8.0
157,sausage link,453,protein,breakfast,85,5.0,3.8,1.0,2.37,7.0,0.5,0.0,20,300.0,42.3,102.8,13.7
158,smoothie,236,beverage,breakfast,280,12.0,11.5,55.0,2.12,3.0,40.0,7.0,5,70.0,42.7,157.2,0.3
159,tofu,424,protein,lunch,90,10.0,14.4,3.0,4.51,5.0,1.0,2.0,0,10.0,63.6,407.2,5.8
160,brown rice,59,grain,lunch,215,5.0,23.3,45.0,3.64,1.8,0.4,3.5,0,10.0,70.0,95.4,6.3
161,bell pepper,377,vegetable,lunch,31,1.2,18.9,6.0,3.08,0.3,4.2,2.1,0,4.0,78.3,54.8,7.6
162,hummus,397,legume,snack,70,2.0,14.7,4.0,4.03,5.0,0.0,2.0,0,130.0,34.9,169.4,1.5
163,pita bread,273,grain,snack,170,6.0,6.8,35.0,1.47,1.5,2.0,5.0,0,320.0,72.6,482.0,11.4
164,pork chop,413,protein,dinner,220,30.0,2.6,0.0,3.17,10.0,0.0,0.0,85,70.0,35.5,112.5,3.9
165,mashed potatoes,122,vegetable,dinner,230,4.0,8.0,35.0,0.32,8.0,2.0,3.0,15,350.0,8.3,206.9,7.0
166,corn,387,vegetable,dinner,132,4.7,20.1,30.0,2.61,1.8,8.9,3.6,0,2.0,30.6,194.5,10.7
167,soda,264,beverage,snack,140,0.0,24.9,39.0,4.54,0.0,39.0,0.0,0,45.0,43.5,258.7,6.6
168,pretzels,446,grain,snack,110,3.0,13.8,23.0,4.77,1.0,1.0,1.0,0,450.0,93.5,394.5,4.3
169,cheddar cheese,328,dairy,snack,115,7.0,24.8,1.0,0.01,9.5,0.5,0.0,30,180.0,6.9,14.7,6.1
170,caesar salad,82,meal,lunch,470,30.0,0.2,15.0,4.59,30.0,3.0,3.0,75,890.0,5.8,36.0,1.1
171,orange juice,427,beverage,breakfast,112,1.7,13.6,25.8,2.68,0.5,20.8,0.7,0,2.0,11.1,187.4,3.1
172,bacon,294,protein,breakfast,86,6.0,6.5,0.2,4.73,6.8,0.1,0.0,18,330.0,14.2,475.7,0.5
173,waffles,91,grain,breakfast,220,6.0,1.7,28.0,2.38,9.0,3.0,1.5,45,420.0,2.8,12.3,8.6
174,pear,373,fruit,snack,101,0.6,22.6,27.0,0.06,0.2,16.0,5.5,0,2.0,63.2,82.4,0.2
175,chicken breast,466,protein,lunch,185,35.0,24.2,0.0,2.0,4.0,0.0,0.0,95,80.0,73.3,352.8,14.9
176,mixed nuts,206,nut,snack,200,6.0,2.4,8.0,4.05,18.0,2.0,3.0,0,1.0,86.4,5.1,1.8
177,tilapia,198,protein,dinner,110,22.0,21.3,0.0,2.34,2.5,0.0,0.0,50,50.0,83.4,190.6,1.3
178,asparagus,128,vegetable,dinner,40,4.3,6.1,7.4,0.15,0.4,3.5,3.6,0,4.0,86.7,107.6,8.8
179,sweet potato,383,vegetable,dinner,103,2.3,23.2,23.6,3.69,0.2,7.4,3.8,0,41.0,35.2,92.6,11.3
180,popcorn,154,grain,snack,93,3.0,6.9,18.6,1.7,1.1,0.1,3.6,0,2.0,12.0,83.1,8.8
181,raisins,360,fruit,snack,130,1.3,16.8,34.0,4.3,0.2,25.0,1.6,0,5.0,43.2,7.3,7.9
182,macaroni & cheese,313,meal,lunch,350,10.0,0.9,40.0,3.46,17.0,5.0,2.0,40,750.0,88.7,265.6,14.1
183,tomato soup,493,meal,lunch,170,4.0,7.4,25.0,3.24,6.0,15.0,4.0,10,900.0,36.3,276.9,0.1
184,grilled cheese sandwich,336,meal,lunch,390,15.0,20.8,32.0,3.1,22.0,4.0,3.0,60,800.0,61.7,40.6,9.2
185,beef tacos,347,protein,dinner,380,18.0,19.0,28.0,3.91,22.0,3.0,5.0,50,600.0,53.1,376.5,14.2
186,refried beans,497,legume,dinner,115,7.0,23.7,19.0,4.87,1.0,1.0,6.0,0,480.0,10.4,262.8,6.7
187,guacamole,415,vegetable,dinner,90,1.0,5.1,4.0,1.72,8.0,0.5,3.0,0,120.0,18.0,294.5,7.0
188,watermelon,128,fruit,snack,46,0.9,4.3,11.5,1.52,0.2,9.4,0.6,0,2.0,74.7,424.3,4.2
189,english muffin,485,grain,breakfast,134,6.0,3.3,26.0,3.34,1.0,1.0,4.4,0,210.0,13.7,254.0,9.7
190,peanut butter & jelly sandwich,231,meal,lunch,390,12.0,22.8,50.0,1.48,17.0,20.0,5.0,0,450.0,37.6,17.2,2.5
191,clam chowder,430,meal,lunch,200,10.0,23.3,18.0,1.94,9.0,2.0,1.0,30,870.0,20.9,497.8,0.5
192,iced tea,234,beverage,snack,180,0.0,3.4,46.0,0.25,0.0,46.0,0.0,0,15.0,82.1,78.8,14.9
193,lasagna,74,meal,dinner,350,20.0,22.8,30.0,2.59,17.0,7.0,4.0,55,850.0,16.1,348.2,1.6
194,garlic bread,58,grain,dinner,150,4.0,22.9,18.0,2.08,7.0,1.0,1.0,0,310.0,91.5,124.1,3.3
195,chocolate milk,203,beverage,snack,200,8.0,9.9,26.0,3.08,8.0,24.0,1.0,30,160.0,99.2,183.9,8.3
196,white bread,129,grain,breakfast,70,2.0,5.9,13.0,4.3,1.0,1.2,0.6,0,140.0,36.9,419.7,11.5
197,jelly,329,condiment,breakfast,50,0.0,22.4,13.0,2.96,0.0,12.0,0.1,0,5.0,58.7,41.7,5.7
198,veggie burger,480,protein,lunch,120,11.0,16.6,10.0,3.53,4.0,1.0,5.0,0,350.0,93.2,499.5,10.0
199,bun,269,grain,lunch,140,4.0,24.9,26.0,4.1,2.0,4.0,1.0,0,260.0,53.9,217.1,12.2
200,ketchup,432,condiment,lunch,20,0.2,12.6,5.0,1.63,0.1,4.0,0.2,0,160.0,65.0,472.9,0.1
201,muffin,188,grain,breakfast,380,5.0,21.5,55.0,3.28,16.0,30.0,2.0,50,350.0,52.5,13.3,8.1
202,coffee,490,beverage,breakfast,50,0.5,22.3,5.0,3.59,3.0,4.5,0.0,10,10.0,88.1,472.5,4.5
203,potato chips,199,snack,snack,160,2.0,24.9,15.0,0.13,10.0,0.5,1.0,0,170.0,0.1,342.3,2.4
204,tzatziki sauce,369,condiment,dinner,30,1.5,0.4,2.0,3.79,2.0,1.5,0.0,5,100.0,70.0,29.8,2.5
205,pancakes,370,grain,breakfast,180,5.0,4.9,30.0,3.59,5.0,6.0,1.0,25,450.0,99.8,37.9,3.9
206,maple syrup,415,condiment,breakfast,104,0.0,0.8,27.0,3.03,0.0,24.0,0.0,0,2.0,26.0,463.1,8.4
207,sausage link,179,protein,breakfast,85,5.0,14.4,1.0,3.24,7.0,0.5,0.0,20,300.0,73.4,169.1,3.9
208,smoothie,74,beverage,breakfast,280,12.0,19.7,55.0,3.31,3.0,40.0,7.0,5,70.0,60.0,472.1,13.7
209,tofu,430,protein,lunch,90,10.0,20.7,3.0,0.73,5.0,1.0,2.0,0,10.0,98.8,397.6,3.3
210,brown rice,102,grain,lunch,215,5.0,8.6,45.0,2.47,1.8,0.4,3.5,0,10.0,12.0,167.9,13.6
211,bell pepper,384,vegetable,lunch,31,1.2,13.9,6.0,4.47,0.3,4.2,2.1,0,4.0,19.6,338.4,8.6
212,hummus,456,legume,snack,70,2.0,1.6,4.0,2.79,5.0,0.0,2.0,0,130.0,22.1,105.4,7.0
213,pita bread,166,grain,snack,170,6.0,17.5,35.0,2.54,1.5,2.0,5.0,0,320.0,13.3,116.8,8.9
214,pork chop,332,protein,dinner,220,30.0,8.9,0.0,3.15,10.0,0.0,0.0,85,70.0,79.5,38.8,5.6
215,mashed potatoes,97,vegetable,dinner,230,4.0,23.1,35.0,3.78,8.0,2.0,3.0,15,350.0,95.4,476.6,11.1
216,corn,366,vegetable,dinner,132,4.7,18.4,30.0,2.74,1.8,8.9,3.6,0,2.0,49.2,5.1,0.7
217,soda,68,beverage,snack,140,0.0,10.2,39.0,4.8,0.0,39.0,0.0,0,45.0,61.7,273.2,10.0
218,pretzels,389,grain,snack,110,3.0,22.2,23.0,1.02,1.0,1.0,1.0,0,450.0,83.4,281.1,10.4
219,cheddar cheese,181,dairy,snack,115,7.0,3.1,1.0,3.48,9.5,0.5,0.0,30,180.0,31.6,155.5,2.9
220,caesar salad,70,meal,lunch,470,30.0,20.1,15.0,0.46,30.0,3.0,3.0,75,890.0,21.7,345.3,11.1
221,orange juice,474,beverage,breakfast,112,1.7,10.4,25.8,0.59,0.5,20.8,0.7,0,2.0,70.2,241.5,11.1
222,bacon,342,protein,breakfast,86,6.0,21.7,0.2,2.3,6.8,0.1,0.0,18,330.0,4.0,61.9,2.1
223,waffles,379,grain,breakfast,220,6.0,20.3,28.0,0.98,9.0,3.0,1.5,45,420.0,86.1,90.4,12.4
224,pear,111,fruit,snack,101,0.6,15.5,27.0,1.67,0.2,16.0,5.5,0,2.0,92.9,260.9,7.0
225,chicken breast,204,protein,lunch,185,35.0,18.2,0.0,3.57,4.0,0.0,0.0,95,80.0,83.1,167.4,1.0
226,mixed nuts,126,nut,snack,200,6.0,5.0,8.0,4.65,18.0,2.0,3.0,0,1.0,32.9,32.9,3.1
227,tilapia,300,protein,dinner,110,22.0,0.1,0.0,1.51,2.5,0.0,0.0,50,50.0,7.1,248.4,10.2
228,asparagus,415,vegetable,dinner,40,4.3,3.4,7.4,4.85,0.4,3.5,3.6,0,4.0,64.3,419.7,2.7
229,sweet potato,294,vegetable,dinner,103,2.3,19.9,23.6,0.79,0.2,7.4,3.8,0,41.0,44.4,70.9,3.0
230,popcorn,459,grain,snack,93,3.0,14.3,18.6,3.85,1.1,0.1,3.6,0,2.0,4.4,413.0,14.0
231,raisins,353,fruit,snack,130,1.3,24.6,34.0,0.26,0.2,25.0,1.6,0,5.0,68.8,317.1,0.2
232,macaroni & cheese,192,meal,lunch,350,10.0,9.4,40.0,0.2,17.0,5.0,2.0,40,750.0,87.6,48.1,12.7
233,tomato soup,427,meal,lunch,170,4.0,7.7,25.0,4.97,6.0,15.0,4.0,10,900.0,29.0,178.1,5.0
234,grilled cheese sandwich,101,meal,lunch,390,15.0,9.3,32.0,3.28,22.0,4.0,3.0,60,800.0,91.6,144.8,2.4
235,beef tacos,340,protein,dinner,380,18.0,9.3,28.0,1.88,22.0,3.0,5.0,50,600.0,30.7,311.9,12.2
236,refried beans,234,legume,dinner,115,7.0,5.1,19.0,2.11,1.0,1.0,6.0,0,480.0,11.8,226.0,9.2
237,guacamole,408,vegetable,dinner,90,1.0,16.5,4.0,0.27,8.0,0.5,3.0,0,120.0,44.1,136.1,13.7
238,watermelon,89,fruit,snack,46,0.9,0.8,11.5,3.2,0.2,9.4,0.6,0,2.0,49.5,323.3,14.5
239,english muffin,351,grain,breakfast,134,6.0,19.9,26.0,1.56,1.0,1.0,4.4,0,210.0,20.7,62.4,11.8
240,peanut butter & jelly sandwich,399,meal,lunch,390,12.0,7.8,50.0,4.26,17.0,20.0,5.0,0,450.0,24.4,77.1,1.7
241,clam chowder,489,meal,lunch,200,10.0,5.3,18.0,1.5,9.0,2.0,1.0,30,870.0,81.5,175.7,4.2
242,iced tea,109,beverage,snack,180,0.0,3.5,46.0,4.06,0.0,46.0,0.0,0,15.0,40.3,75.3,3.8
243,lasagna,76,meal,dinner,350,20.0,4.6,30.0,3.78,17.0,7.0,4.0,55,850.0,72.0,65.0,12.9
244,garlic bread,374,grain,dinner,150,4.0,17.2,18.0,1.02,7.0,1.0,1.0,0,310.0,13.5,318.3,1.6
245,chocolate milk,109,beverage,snack,200,8.0,3.7,26.0,3.64,8.0,24.0,1.0,30,160.0,59.9,426.0,0.6
246,white bread,341,grain,breakfast,70,2.0,17.4,13.0,1.44,1.0,1.2,0.6,0,140.0,15.6,372.9,12.0
247,jelly,254,condiment,breakfast,50,0.0,16.3,13.0,1.48,0.0,12.0,0.1,0,5.0,49.6,493.5,6.0
248,veggie burger,94,protein,lunch,120,11.0,14.1,10.0,0.17,4.0,1.0,5.0,0,350.0,94.4,300.3,12.0
249,bun,178,grain,lunch,140,4.0,10.7,26.0,0.01,2.0,4.0,1.0,0,260.0,58.7,181.9,14.7
250,ketchup,174,condiment,lunch,20,0.2,4.4,5.0,2.11,0.1,4.0,0.2,0,160.0,90.3,438.8,1.9
251,muffin,195,grain,breakfast,380,5.0,22.3,55.0,2.17,16.0,30.0,2.0,50,350.0,85.7,118.2,1.3
252,coffee,187,beverage,breakfast,50,0.5,2.2,5.0,2.21,3.0,4.5,0.0,10,10.0,38.1,386.6,11.3
253,potato chips,373,snack,snack,160,2.0,8.9,15.0,2.75,10.0,0.5,1.0,0,170.0,13.4,320.2,0.6
254,tzatziki sauce,198,condiment,dinner,30,1.5,9.4,2.0,2.99,2.0,1.5,0.0,5,100.0,56.4,78.1,12.7
255,scallops,251,protein,dinner,95,17.0,4.8,5.0,4.72,1.0,0.0,0.0,35,180.0,13.4,315.2,8.8
256,risotto,319,meal,dinner,250,7.0,18.1,35.0,0.78,9.0,3.0,3.0,20,600.0,53.1,497.7,6.8
257,caprese salad,80,meal,lunch,240,10.0,22.5,8.0,2.97,18.0,5.0,2.0,40,350.0,96.8,478.6,13.7
258,balsamic vinaigrette,102,condiment,lunch,90,0.0,2.8,3.0,1.51,9.0,2.5,0.0,0,300.0,23.5,474.7,5.4
259,cherries,233,fruit,snack,77,1.6,11.3,19.0,2.06,0.5,15.0,2.5,0,0.0,26.4,491.7,12.4
260,turkey bacon,132,protein,breakfast,70,6.0,7.9,1.0,3.54,5.0,0.5,0.0,30,360.0,34.5,29.8,8.9
261,grits,136,grain,breakfast,150,3.0,1.3,32.0,2.6,1.0,0.5,2.0,0,320.0,21.4,345.4,7.8
262,butter,166,condiment,breakfast,100,0.1,3.0,0.0,4.54,11.0,0.0,0.0,30,82.0,94.9,132.4,4.8
263,meatball sub,359,meal,lunch,580,28.0,4.9,55.0,1.6,27.0,10.0,6.0,70,1200.0,61.9,255.2,1.5
264,kiwifruit,375,fruit,snack,46,0.9,5.1,11.1,2.48,0.4,6.7,2.3,0,2.0,16.2,200.6,6.0
265,beef jerky,352,snack,snack,116,9.4,19.1,3.1,0.52,7.2,2.5,0.5,30,590.0,61.1,333.3,12.5
266,figs,144,fruit,snack,74,0.6,7.0,19.2,4.32,0.3,16.2,2.9,0,2.0,75.1,321.9,5.6
267,lobster,171,protein,dinner,76,16.0,15.5,0.0,4.95,0.7,0.0,0.0,125,250.0,74.9,422.4,12.0
268,melted butter,376,condiment,dinner,200,0.2,17.3,0.0,4.28,22.0,0.0,0.0,60,164.0,44.4,263.1,12.7
269,corn on the cob,153,vegetable,dinner,125,5.0,14.7,29.0,4.48,1.5,5.0,3.0,0,2.0,32.3,139.0,6.1
270,vegetable soup,412,meal,lunch,140,4.0,4.5,22.0,2.4,4.0,8.0,6.0,5,780.0,60.9,396.6,4.7
271,saltine crackers,203,grain,lunch,60,1.0,16.4,10.0,1.83,1.5,0.0,0.5,0,140.0,69.2,205.7,11.8
272,mango,249,fruit,snack,99,1.4,18.8,24.7,0.85,0.6,22.5,2.6,0,2.0,80.7,330.4,8.7
273,cheesecake,62,dessert,snack,320,5.0,20.0,28.0,3.41,21.0,20.0,1.0,65,280.0,88.5,243.1,7.2
274,pad thai,311,meal,dinner,550,25.0,9.2,60.0,0.03,22.0,10.0,5.0,70,950.0,93.9,199.7,13.4
275,spring roll,300,snack,dinner,180,4.0,2.7,25.0,4.22,7.0,3.0,3.0,0,450.0,46.4,50.6,3.7
276,coconut water,199,beverage,snack,46,1.7,17.1,8.9,2.65,0.5,6.3,2.6,0,252.0,75.8,497.1,8.0
277,kimchi,141,vegetable,side,22,1.7,22.7,4.0,2.75,0.4,1.5,2.4,0,750.0,1.2,392.2,12.2
278,sashimi,111,protein,lunch,120,18.0,23.0,0.0,1.31,5.0,0.0,0.0,40,45.0,89.4,454.1,12.7
279,wasabi,220,condiment,lunch,10,0.1,20.0,2.2,0.51,0.1,1.0,0.3,0,40.0,37.4,485.2,6.0
280,seaweed salad,398,vegetable,lunch,60,2.0,4.4,8.0,2.95,3.0,4.0,2.0,0,350.0,5.6,94.3,7.5
281,french onion soup,166,meal,lunch,150,6.0,13.4,15.0,0.97,7.0,5.0,2.0,20,800.0,42.6,336.4,12.0
282,croutons,224,grain,lunch,50,1.5,13.9,7.0,0.96,2.0,0.5,0.5,0,140.0,20.6,410.5,3.9
283,shepherd's pie,293,protein,dinner,400,20.0,2.6,35.0,0.23,20.0,7.0,6.0,55,850.0,14.5,195.3,8.8
284,green peas,128,legume,dinner,62,4.1,1.9,11.1,0.33,0.2,4.2,4.4,0,2.0,66.8,13.7,9.1
285,apple pie,142,dessert,snack,410,3.0,14.8,58.0,4.62,19.0,25.0,3.0,0,320.0,75.1,15.4,8.9
286,gin & tonic,411,beverage,snack,170,0.0,23.1,13.0,3.52,0.0,13.0,0.0,0,2.0,13.2,95.3,11.8
287,red wine,361,beverage,dinner,125,0.1,6.8,3.8,2.04,0.0,0.9,0.0,0,6.0,42.4,163.4,2.3
288,halibut,59,protein,dinner,125,24.0,20.0,0.0,1.45,2.5,0.0,0.0,40,60.0,68.7,280.0,13.9
289,quinoa salad,422,meal,lunch,260,9.0,19.9,32.0,0.54,12.0,4.0,6.0,0,300.0,53.1,58.2,7.8
290,lemonade,125,beverage,snack,99,0.1,5.8,26.0,3.12,0.0,25.0,0.1,0,30.0,64.1,329.6,9.9
291,pistachios,274,nut,snack,159,5.7,3.2,7.7,0.29,12.8,2.2,3.0,0,2.0,72.2,359.2,9.6
292,oat milk,355,beverage,breakfast,120,3.0,3.4,16.0,2.6,5.0,7.0,2.0,0,100.0,27.9,264.2,9.4
293,biscuits and gravy,437,meal,breakfast,480,10.0,16.3,45.0,0.11,28.0,3.0,2.0,35,1100.0,73.1,228.9,13.0
294,avocado,332,fruit,breakfast,160,2.0,22.9,8.5,1.95,14.7,0.7,6.7,0,7.0,70.6,265.1,0.4
295,corn flakes,209,grain,breakfast,100,2.0,3.7,24.0,2.2,0.0,3.0,1.0,0,200.0,30.5,278.5,13.0
296,t-bone steak,144,protein,dinner,460,38.0,24.6,0.0,2.2,33.0,0.0,0.0,105,110.0,80.1,43.9,10.9
297,creamed spinach,284,vegetable,dinner,190,5.0,19.0,8.0,1.19,16.0,2.0,3.0,50,450.0,76.7,447.9,1.0
298,pecans,214,nut,snack,196,2.6,14.7,3.9,4.9,20.4,1.1,2.7,0,0.0,51.3,61.3,7.9
299,fruit cocktail,270,fruit,snack,110,1.0,11.8,28.0,2.43,0.0,26.0,2.0,0,10.0,77.4,60.4,13.6
300,ramen,300,meal,lunch,380,9.0,24.9,53.0,2.68,14.0,2.0,2.0,0,1580.0,52.1,397.5,13.2
301,mocha latte,453,beverage,snack,360,12.0,6.5,48.0,1.25,15.0,42.0,2.0,45,150.0,80.4,446.2,6.1
302,cucumber slices,348,vegetable,snack,16,0.7,10.3,3.6,0.51,0.1,1.7,0.5,0,2.0,65.4,443.5,7.2
303,feta cheese,166,dairy,lunch,75,4.0,4.1,1.2,1.97,6.1,0.7,0.0,25,316.0,25.3,354.6,4.4
304,olives,340,fruit,lunch,35,0.2,24.2,1.0,3.3,3.5,0.0,0.5,0,210.0,24.8,89.3,10.6
305,chicken alfredo,139,meal,dinner,680,35.0,14.6,45.0,3.65,38.0,5.0,4.0,120,980.0,59.5,162.0,9.4
306,breadstick,417,grain,dinner,160,4.0,18.5,28.0,4.75,3.0,2.0,1.0,0,350.0,96.2,200.7,10.9
307,cobb salad,240,meal,lunch,510,30.0,9.5,12.0,3.27,38.0,6.0,7.0,210,800.0,25.1,416.1,2.4
308,blue cheese dressing,183,condiment,lunch,150,1.0,23.4,2.0,3.64,16.0,1.0,0.0,10,320.0,85.1,229.6,14.8
309,mandarin orange,296,fruit,snack,37,0.6,15.9,9.3,4.15,0.2,7.3,1.3,0,1.0,59.9,382.3,2.5
310,cashews,54,nut,snack,163,4.3,9.7,9.2,2.53,13.1,1.4,0.9,0,140.0,67.5,265.0,6.5
311,eggo waffle,191,grain,breakfast,180,4.0,21.9,30.0,1.4,5.0,4.0,1.0,0,400.0,36.2,466.1,12.4
312,diet soda,170,beverage,lunch,0,0.0,2.4,0.0,2.35,0.0,0.0,0.0,0,40.0,52.2,312.2,4.4
313,pulled pork sandwich,395,protein,lunch,480,25.0,7.5,48.0,1.14,20.0,15.0,3.0,75,900.0,80.8,323.1,4.3
314,macadamia nuts,108,nut,snack,204,2.2,20.8,3.9,1.67,21.5,1.3,2.4,0,1.0,47.5,31.0,3.2
315,crab cakes,463,meal,dinner,340,20.0,18.5,18.0,1.43,20.0,2.0,1.0,120,700.0,45.3,436.8,14.9
316,tartar sauce,332,condiment,dinner,60,0.2,9.6,2.0,1.24,5.5,1.5,0.1,5,180.0,51.9,376.5,2.7
317,lemon bar,100,dessert,snack,150,1.5,16.3,22.0,0.36,6.0,15.0,0.5,30,80.0,68.5,283.1,3.6
318,almond milk,221,beverage,breakfast,30,1.0,20.3,1.0,1.09,2.5,0.0,1.0,0,160.0,63.1,388.2,1.4
319,rice krispies,480,grain,breakfast,160,3.0,24.6,37.0,2.97,0.5,4.0,0.5,0,290.0,33.2,139.1,4.5
320,sugar,121,condiment,breakfast,16,0.0,24.0,4.0,0.67,0.0,4.0,0.0,0,0.0,40.2,222.7,6.1
321,tuna,161,protein,lunch,90,20.0,6.8,0.0,3.69,1.0,0.0,0.0,35,250.0,96.0,83.7,1.7
322,mayonnaise,197,condiment,lunch,90,0.1,1.1,0.1,4.43,10.0,0.1,0.0,5,70.0,63.2,357.3,0.1
323,pickle,271,vegetable,lunch,5,0.2,4.9,1.0,4.46,0.1,0.5,0.3,0,300.0,78.4,138.1,5.2
324,lobster bisque,354,meal,lunch,250,8.0,12.8,12.0,1.78,18.0,3.0,1.0,50,850.0,56.5,348.4,13.3
325,reuben sandwich,499,meal,lunch,650,28.0,13.4,35.0,3.62,40.0,6.0,5.0,100,1500.0,49.3,94.5,12.2
326,sauerkraut,61,vegetable,lunch,7,0.3,17.6,1.5,3.0,0.0,0.6,1.0,0,234.0,46.8,371.0,2.3
327,mushroom,55,vegetable,dinner,15,2.2,4.0,2.3,3.54,0.2,1.4,0.7,0,4.0,89.7,361.9,14.5
328,soy milk,218,beverage,breakfast,110,8.0,12.4,9.0,3.89,4.5,6.0,2.0,0,125.0,38.1,484.3,10.2
329,chicken tikka masala,135,protein,dinner,480,30.0,20.0,20.0,0.05,30.0,8.0,5.0,95,900.0,76.7,244.0,1.9
330,naan bread,419,grain,dinner,260,8.0,5.1,45.0,0.97,5.0,3.0,2.0,10,450.0,99.5,205.8,4.4
331,cucumber salad,117,vegetable,dinner,40,1.0,7.0,5.0,1.44,2.0,4.0,1.0,0,200.0,59.4,179.1,4.2
332,vodka soda,453,beverage,snack,100,0.0,9.3,0.0,1.61,0.0,0.0,0.0,0,5.0,77.7,386.8,12.7
333,chocolate croissant,257,dessert,breakfast,350,6.0,7.9,40.0,2.1,19.0,15.0,3.0,40,300.0,71.2,420.6,8.7
334,sweet & sour chicken,366,meal,dinner,380,18.0,11.9,45.0,4.18,15.0,25.0,3.0,50,750.0,36.3,87.8,6.9
335,egg drop soup,57,meal,dinner,65,5.0,1.1,6.0,1.91,2.0,1.0,0.5,50,780.0,58.5,129.0,12.3
336,string cheese,96,dairy,snack,80,6.0,23.1,1.0,4.72,6.0,0.0,0.0,20,210.0,92.6,496.5,12.9
337,turkey burger,419,protein,lunch,160,22.0,18.0,2.0,2.1,8.0,1.0,0.0,70,400.0,86.8,185.7,7.2
338,potato salad,419,meal,lunch,180,2.0,7.0,19.0,0.61,11.0,3.0,2.0,10,500.0,19.7,197.0,6.7
339,cranberry juice,346,beverage,breakfast,130,0.0,5.3,33.0,1.53,0.0,30.0,0.0,0,10.0,47.9,52.0,9.2
340,chicken piccata,362,protein,dinner,350,30.0,15.2,10.0,4.18,20.0,2.0,1.0,90,600.0,89.2,50.8,0.5
341,angel hair pasta,339,grain,dinner,200,7.0,24.7,42.0,1.5,1.0,1.0,2.0,0,1.0,2.8,263.8,6.2
342,olive oil,135,condiment,dinner,120,0.0,0.1,0.0,3.15,14.0,0.0,0.0,0,0.0,85.3,440.0,2.9
343,garlic,417,vegetable,dinner,4,0.2,15.0,0.9,2.68,0.0,0.0,0.1,0,1.0,2.1,117.9,0.9
344,salami,285,protein,snack,110,6.0,15.7,1.0,3.86,9.0,0.5,0.0,30,500.0,19.1,71.7,13.3
345,provolone cheese,311,dairy,snack,100,7.0,15.9,1.0,4.72,8.0,0.5,0.0,20,250.0,18.0,56.8,0.8
346,ginger ale,358,beverage,snack,124,0.0,7.8,32.0,1.0,0.0,31.0,0.0,0,40.0,98.2,4.4,2.0
347,shrimp scampi,133,meal,dinner,380,22.0,12.8,40.0,1.65,15.0,3.0,3.0,140,750.0,67.1,443.9,9.9
348,tiramisu,300,dessert,snack,450,7.0,0.5,42.0,3.85,28.0,25.0,2.0,180,150.0,66.9,304.7,12.7
349,cereal bar,328,snack,breakfast,140,2.0,2.6,30.0,4.68,3.0,15.0,1.0,0,110.0,82.3,374.3,13.6
350,veal parmesan,360,protein,dinner,550,40.0,6.5,30.0,2.63,30.0,7.0,4.0,130,1100.0,74.8,270.1,9.8
351,spaghetti,232,grain,dinner,100,3.5,0.5,21.0,2.29,0.5,0.5,1.0,0,0.0,75.0,23.5,0.9
352,hot chocolate,66,beverage,snack,200,3.0,21.5,30.0,3.77,8.0,25.0,2.0,10,160.0,0.2,480.3,6.1
353,coconut shrimp,273,meal,dinner,320,10.0,21.9,25.0,2.8,20.0,8.0,3.0,80,600.0,8.8,330.6,4.2
354,sweet chili sauce,429,condiment,dinner,70,0.0,10.7,17.0,2.74,0.0,16.0,0.5,0,450.0,7.5,75.4,2.0
355,white wine,237,beverage,dinner,121,0.1,22.9,3.8,0.66,0.0,1.4,0.0,0,5.0,33.6,189.1,6.6
356,trail mix,183,snack,snack,190,5.0,13.5,20.0,4.72,12.0,14.0,3.0,0,50.0,57.0,155.1,2.3
357,onion rings,310,snack,snack,280,4.0,20.6,30.0,3.03,16.0,4.0,3.0,0,500.0,20.1,191.1,10.4
358,poached egg,327,protein,breakfast,72,6.3,22.3,0.4,4.7,4.8,0.4,0.0,185,140.0,7.9,85.1,4.0
359,canadian bacon,156,protein,breakfast,80,12.0,16.2,1.0,3.71,3.0,1.0,0.0,40,650.0,84.7,457.9,11.9
360,eggs benedict,407,meal,breakfast,600,25.0,18.2,30.0,1.25,40.0,4.0,3.0,450,1100.0,22.9,157.4,1.4
361,hollandaise sauce,293,condiment,breakfast,110,1.0,18.8,0.5,1.05,12.0,0.2,0.0,50,150.0,48.5,166.1,5.0
362,spinach artichoke dip,322,snack,snack,160,5.0,18.2,6.0,1.93,14.0,2.0,2.0,30,350.0,54.9,38.6,1.2
363,tortilla chips,315,snack,snack,140,2.0,10.1,19.0,0.22,7.0,0.5,2.0,0,120.0,90.8,331.3,7.8
364,chicken kebab,357,protein,dinner,280,30.0,15.3,8.0,1.46,14.0,4.0,3.0,85,500.0,13.6,180.5,11.4
365,bell peppers & onions,359,vegetable,dinner,60,1.5,18.0,10.0,1.74,2.0,6.0,3.0,0,30.0,19.5,263.6,1.0
366,hummus wrap,113,meal,lunch,450,15.0,17.8,60.0,1.45,18.0,5.0,12.0,0,800.0,35.1,216.9,5.9
367,kombucha,496,beverage,snack,30,0.0,12.6,7.0,1.21,0.0,6.0,0.0,0,10.0,97.5,380.7,12.5
368,beef stroganoff,300,meal,dinner,550,30.0,13.4,40.0,2.93,28.0,6.0,4.0,100,900.0,79.5,444.7,14.9
369,egg noodles,274,grain,dinner,220,8.0,19.9,40.0,1.84,3.0,2.0,2.0,50,20.0,71.8,209.2,5.0
370,cottage cheese,380,dairy,lunch,160,28.0,14.3,6.0,4.34,2.5,4.0,0.0,10,820.0,46.9,79.1,2.4
371,tomato,74,vegetable,lunch,22,1.1,20.6,4.8,0.74,0.2,3.2,1.5,0,6.0,95.7,291.5,12.9
372,black pepper,128,condiment,lunch,6,0.2,9.0,1.5,2.0,0.1,0.0,0.6,0,0.0,69.5,472.1,4.5
373,chocolate pudding,252,dessert,snack,150,2.0,23.6,28.0,1.2,4.0,22.0,2.0,2,130.0,46.7,170.1,7.5
374,mackerel,210,protein,dinner,175,16.0,2.2,0.0,1.65,12.0,0.0,0.0,65,75.0,86.6,156.9,8.2
375,collard greens,153,vegetable,dinner,60,5.0,1.4,10.0,2.05,1.0,1.0,7.0,0,40.0,80.4,227.1,9.0
376,ham,116,protein,lunch,110,16.0,7.6,2.0,3.53,4.0,1.5,0.0,45,950.0,75.3,160.4,0.8
377,swiss cheese,422,dairy,lunch,106,7.6,11.8,1.0,4.87,8.0,0.4,0.0,26,54.0,18.9,274.8,9.8
378,rye bread,316,grain,lunch,83,2.7,13.1,15.5,3.82,1.1,1.2,1.9,0,170.0,44.5,175.7,8.6
379,potato leek soup,353,meal,lunch,180,4.0,16.5,25.0,0.38,7.0,4.0,3.0,15,650.0,60.8,190.9,5.9
380,brie cheese,415,dairy,snack,95,6.0,9.4,0.1,0.3,7.9,0.1,0.0,28,178.0,66.7,191.9,3.7
381,water cracker,160,grain,snack,70,1.5,5.0,12.0,3.15,1.5,0.0,0.5,0,150.0,8.7,277.7,0.5
382,grapefruit,153,fruit,breakfast,52,1.1,12.5,13.2,3.42,0.2,8.5,2.0,0,0.0,17.9,221.4,8.6
383,veggie straws,128,snack,snack,130,1.0,6.4,17.0,1.91,7.0,1.0,1.0,0,220.0,0.7,440.9,12.8
384,fish tacos,197,meal,dinner,420,25.0,5.3,40.0,0.19,18.0,5.0,6.0,60,700.0,65.3,463.2,3.0
385,cabbage slaw,462,vegetable,dinner,60,1.0,13.5,8.0,3.51,3.0,5.0,2.0,5,120.0,25.9,31.0,1.5
386,lime,98,condiment,dinner,11,0.2,12.9,3.7,4.25,0.0,0.7,0.4,0,1.0,43.6,42.4,9.8
387,beer,207,beverage,snack,103,0.9,8.3,5.8,2.37,0.0,0.3,0.0,0,10.0,34.9,401.5,4.5
388,danish,117,dessert,breakfast,340,7.0,23.3,38.0,2.1,18.0,16.0,2.0,55,300.0,31.3,446.3,3.7
389,kefir,375,beverage,breakfast,104,10.0,0.9,10.0,4.89,2.5,9.0,0.0,10,100.0,81.6,52.1,9.7
390,gnocchi,312,meal,dinner,210,4.5,11.5,45.0,4.54,1.5,2.0,3.0,0,480.0,31.4,487.3,13.6
391,pesto sauce,230,condiment,dinner,260,5.0,1.8,4.0,2.14,26.0,1.0,2.0,5,550.0,38.3,147.8,5.8
392,pine nuts,426,nut,dinner,95,2.0,1.0,2.0,3.36,10.0,0.5,0.5,0,0.0,5.1,75.4,6.3
393,chai latte,131,beverage,snack,190,7.0,3.5,32.0,3.11,4.0,30.0,1.0,15,105.0,19.6,359.5,13.4
394,manicotti,432,meal,dinner,380,20.0,1.7,35.0,2.9,18.0,7.0,4.0,60,650.0,72.6,6.2,5.7
395,italian sausage,216,protein,dinner,200,12.0,7.6,3.0,3.14,16.0,1.0,0.0,50,550.0,38.0,76.6,14.0
396,jicama,58,vegetable,snack,46,0.9,3.5,10.6,4.57,0.1,2.1,5.8,0,5.0,8.8,393.6,0.5
397,chili powder,273,condiment,snack,8,0.3,18.9,1.4,3.93,0.4,0.2,0.9,0,10.0,99.8,197.1,9.7
398,ants on a log,281,snack,snack,180,6.0,0.5,12.0,4.69,12.0,7.0,3.0,0,120.0,11.7,196.8,3.1
399,split pea soup,320,meal,lunch,180,11.0,17.9,30.0,3.34,2.0,6.0,10.0,5,700.0,77.7,20.7,3.1
400,ham & cheese croissant,71,meal,breakfast,400,15.0,8.0,35.0,4.49,22.0,6.0,2.0,60,750.0,48.2,89.5,14.8
401,espresso,255,beverage,breakfast,5,0.5,0.8,0.0,2.91,0.1,0.0,0.0,0,1.0,38.0,379.1,4.5
402,ricotta cheese,472,dairy,dinner,85,5.5,4.0,2.5,4.87,6.0,1.0,0.0,24,50.0,96.3,367.6,4.9
403,chicken & rice soup,375,meal,lunch,130,7.0,23.8,18.0,3.36,3.0,2.0,2.0,15,850.0,3.3,217.7,14.0
404,salt,399,condiment,dinner,0,0.0,3.7,0.0,3.54,0.0,0.0,0.0,0,580.0,38.9,289.3,0.5
405,guava,351,fruit,snack,68,2.6,11.1,14.3,4.79,0.9,8.9,5.4,0,3.0,65.4,317.0,14.3
406,club sandwich,292,meal,lunch,580,35.0,1.4,40.0,4.34,30.0,7.0,5.0,95,1300.0,47.1,422.5,0.4
407,pickle,346,vegetable,snack,17,0.8,17.0,3.7,2.8,0.2,1.7,1.5,0,1200.0,39.1,136.7,6.4
408,turkey chili,128,protein,dinner,250,22.0,18.8,25.0,1.15,7.0,6.0,8.0,50,750.0,86.9,146.6,9.0
409,sour cream,107,condiment,dinner,60,0.8,24.7,1.3,0.19,5.8,0.8,0.0,12,25.0,62.1,30.6,6.9
410,shredded cheese,342,dairy,dinner,115,7.0,20.8,1.0,3.2,9.5,0.5,0.0,30,180.0,21.4,475.0,0.6
411,matcha latte,235,beverage,snack,180,6.0,17.8,28.0,0.58,5.0,25.0,2.0,20,90.0,41.9,213.2,8.8
412,chocolate donut,292,dessert,breakfast,300,4.0,14.4,35.0,1.78,17.0,18.0,2.0,20,230.0,77.1,160.9,4.3
413,tuna melt,409,meal,lunch,450,25.0,5.8,32.0,1.88,25.0,4.0,3.0,50,900.0,84.5,397.8,7.0
414,apple cider,144,beverage,snack,117,0.1,16.1,29.0,4.77,0.3,27.0,0.5,0,10.0,24.1,190.6,4.9
415,beef burrito,339,meal,dinner,650,30.0,23.0,70.0,4.6,28.0,5.0,10.0,70,1400.0,74.6,358.5,8.0
416,pico de gallo,202,condiment,dinner,15,0.5,24.7,3.0,2.38,0.0,2.0,1.0,0,200.0,70.6,114.7,7.3
417,corn tortilla,408,grain,dinner,52,1.4,20.4,11.2,1.82,0.7,0.2,1.5,0,4.0,31.7,147.0,0.9
418,mussels,397,protein,dinner,146,20.0,24.4,6.0,2.78,4.0,0.0,0.0,48,310.0,71.0,400.7,1.4
419,white wine sauce,205,condiment,dinner,80,1.0,17.5,4.0,1.75,6.0,2.0,0.5,5,300.0,46.3,80.8,12.6
420,french bread,353,grain,dinner,180,6.0,10.6,36.0,4.67,1.0,2.0,2.0,0,380.0,6.4,259.0,2.3
421,blackberries,472,fruit,snack,62,2.0,8.9,13.8,3.42,0.7,4.9,7.6,0,1.0,35.4,4.8,4.3
422,cheese danish,190,dessert,breakfast,340,7.0,9.1,38.0,0.85,18.0,16.0,2.0,55,300.0,87.8,208.8,5.7
423,chicken salad sandwich,497,meal,lunch,420,20.0,19.2,35.0,0.72,20.0,5.0,3.0,60,850.0,85.2,391.2,7.6
424,soyrizo,493,protein,breakfast,140,10.0,0.7,6.0,3.91,9.0,2.0,3.0,0,450.0,32.7,440.1,8.9
425,hash browns,54,vegetable,breakfast,330,3.0,15.3,38.0,4.63,19.0,1.0,3.0,0,550.0,36.9,93.6,4.5
426,ketchup,301,condiment,breakfast,10,0.1,22.9,2.5,4.8,0.0,2.0,0.1,0,90.0,71.1,306.0,3.5
427,philly cheesesteak,269,meal,lunch,500,25.0,13.7,40.0,3.38,28.0,5.0,3.0,70,1100.0,24.8,178.9,9.3
428,cheese whiz,50,condiment,lunch,90,4.0,1.9,3.0,1.02,7.0,2.0,0.0,20,540.0,69.0,468.9,13.2
429,onions,167,vegetable,lunch,30,0.5,1.2,5.0,1.39,1.0,3.0,1.0,0,5.0,64.4,404.1,3.4
430,raspberries,98,fruit,snack,64,1.5,17.9,14.7,3.4,0.8,5.4,8.0,0,1.0,82.6,370.8,9.9
431,cheesy grits,463,meal,breakfast,210,6.0,11.2,34.0,2.41,6.0,1.0,2.0,20,550.0,98.6,281.1,12.1
432,collard greens,153,vegetable,dinner,180,10.0,23.0,15.0,4.73,9.0,3.0,8.0,30,600.0,81.9,1.8,6.9
433,fried okra,321,vegetable,dinner,220,4.0,18.0,25.0,2.11,12.0,3.0,5.0,10,450.0,72.8,237.8,13.2
434,sweet tea,173,beverage,lunch,180,0.0,14.4,46.0,3.53,0.0,46.0,0.0,0,15.0,75.0,41.8,11.3
435,gyro,445,protein,dinner,600,25.0,10.9,55.0,3.55,30.0,6.0,5.0,80,1200.0,5.5,25.7,6.9
436,pita bread,342,grain,dinner,220,7.0,8.8,45.0,0.61,2.0,2.0,2.0,0,440.0,55.3,467.7,11.8
437,tzatziki sauce,472,condiment,dinner,30,1.5,15.3,2.0,2.8,2.0,1.5,0.0,5,100.0,69.4,363.7,14.2
438,baklava,453,dessert,snack,280,3.0,6.5,30.0,2.99,18.0,20.0,2.0,10,80.0,82.4,129.3,12.3
439,coconut,340,fruit,snack,110,1.0,16.7,4.5,3.73,10.5,1.5,2.0,0,3.0,83.1,422.4,2.0
440,s'more,472,dessert,snack,140,2.0,15.0,25.0,0.36,4.0,15.0,1.0,0,90.0,37.9,225.0,14.3
441,graham cracker,270,grain,snack,60,1.0,9.5,11.0,0.21,1.5,4.0,0.5,0,70.0,16.8,47.0,1.5
442,marshmallow,187,dessert,snack,23,0.1,7.9,5.8,0.58,0.0,4.0,0.0,0,5.0,84.3,437.5,14.6
443,chocolate,209,dessert,snack,25,0.3,4.5,3.0,4.44,1.5,2.8,0.2,1,4.0,29.5,63.5,11.8
444,chicken parm sandwich,88,meal,lunch,650,40.0,12.0,55.0,4.15,30.0,9.0,6.0,100,1400.0,30.3,385.0,8.0
445,mozzarella,379,dairy,lunch,80,6.0,18.1,1.0,4.15,6.0,0.5,0.0,20,150.0,61.2,205.2,14.4
446,bread roll,495,grain,lunch,200,6.0,0.2,38.0,0.06,2.0,3.0,2.0,0,400.0,2.9,226.0,5.6
447,artichoke,427,vegetable,dinner,60,4.2,19.8,13.4,0.75,0.2,1.2,6.9,0,112.0,78.2,24.6,14.4
448,mayonnaise,104,condiment,dinner,90,0.1,13.1,0.1,2.45,10.0,0.1,0.0,5,70.0,99.6,160.5,3.0
449,calamari,204,meal,dinner,150,13.0,17.7,8.0,4.22,7.0,1.0,1.0,220,600.0,85.1,458.0,0.9
450,lemon wedge,294,condiment,dinner,3,0.1,1.6,1.0,4.13,0.0,0.2,0.3,0,0.0,53.5,223.7,6.9
451,root beer,346,beverage,snack,150,0.0,11.7,40.0,3.01,0.0,40.0,0.0,0,55.0,88.9,63.5,9.7
452,chicken mcnuggets,130,meal,lunch,270,15.0,15.1,16.0,0.82,16.0,0.0,1.0,40,500.0,34.3,371.9,1.3
453,bbq sauce,336,condiment,lunch,60,0.5,23.4,15.0,4.42,0.0,12.0,0.5,0,350.0,15.0,275.2,5.4
454,honey,241,condiment,breakfast,64,0.1,16.2,17.3,3.83,0.0,17.2,0.0,0,1.0,76.6,429.8,4.2
455,tofu scramble,450,meal,breakfast,250,20.0,17.7,8.0,1.06,16.0,3.0,4.0,0,300.0,16.1,54.1,9.1
456,turmeric,282,condiment,breakfast,9,0.3,11.9,1.9,3.67,0.1,0.1,0.7,0,1.0,34.6,35.9,4.5
457,nutritional yeast,441,condiment,breakfast,20,3.0,21.8,2.0,2.14,0.0,0.0,1.0,0,10.0,16.1,467.5,5.3
458,seitan,315,protein,dinner,90,18.0,4.5,4.0,0.95,1.0,1.0,1.0,0,300.0,34.4,192.3,10.4
459,vegetable broth,384,beverage,dinner,15,1.0,17.4,3.0,4.72,0.0,2.0,1.0,0,550.0,56.8,8.2,3.8
460,mashed cauliflower,154,vegetable,dinner,140,5.0,12.4,12.0,4.24,8.0,4.0,5.0,25,400.0,42.2,102.5,4.3
461,peanut sauce,153,condiment,dinner,80,2.0,9.0,4.0,1.45,6.0,3.0,1.0,0,250.0,30.0,262.7,15.0
462,tempeh,259,protein,lunch,160,16.0,24.9,8.0,2.21,9.0,0.0,5.0,0,10.0,83.3,117.2,10.8
463,sauerkraut,426,vegetable,lunch,14,0.7,8.8,3.1,2.65,0.1,1.2,2.0,0,468.0,31.8,119.0,6.3
464,rye crispbread,217,grain,lunch,70,2.0,9.6,14.0,4.77,0.5,0.0,3.0,0,120.0,71.3,101.4,9.3
465,capers,137,condiment,dinner,2,0.2,9.0,0.4,0.91,0.1,0.1,0.3,0,200.0,22.3,75.5,6.1
466,chicken liver,425,protein,dinner,91,13.6,17.8,0.6,4.67,3.6,0.0,0.0,320,50.0,42.8,413.6,3.4
467,onion,268,vegetable,dinner,32,0.9,20.3,7.5,1.97,0.1,3.8,1.4,0,3.0,83.4,151.0,0.1
468,bok choy,303,vegetable,dinner,10,1.5,7.1,2.0,3.88,0.1,1.0,1.0,0,40.0,40.0,203.7,5.6
469,gummy bears,243,snack,snack,100,2.0,4.4,22.0,2.17,0.0,15.0,0.0,0,10.0,21.2,482.3,10.0
470,whiskey,53,beverage,snack,105,0.0,10.0,0.1,4.18,0.0,0.1,0.0,0,1.0,58.5,17.1,5.2
471,dates,277,fruit,snack,133,0.8,20.0,36.0,0.12,0.1,32.0,3.2,0,1.0,30.8,78.1,3.1
472,tahini,458,condiment,snack,89,2.6,1.3,3.2,3.99,8.0,0.1,1.4,0,17.0,98.6,153.1,14.8
473,chickpeas,411,legume,lunch,135,7.0,3.6,22.0,3.52,2.0,3.0,6.0,0,250.0,95.2,484.6,8.1
474,lettuce,470,vegetable,lunch,16,1.0,21.4,3.0,1.09,0.3,1.0,2.0,0,10.0,65.6,21.8,2.0
475,italian dressing,321,condiment,lunch,70,0.0,19.8,3.0,4.47,7.0,2.0,0.0,0,300.0,16.4,223.2,13.1
476,croutons,92,grain,lunch,50,1.5,16.9,7.0,2.9,2.0,0.5,0.5,0,140.0,82.6,327.6,3.2
477,turkey sausage,68,protein,breakfast,70,9.0,4.4,1.0,1.99,4.0,0.5,0.0,35,280.0,81.9,434.6,11.4
478,maple syrup,189,condiment,breakfast,52,0.0,15.2,13.5,3.45,0.0,12.0,0.0,0,1.0,10.5,399.6,14.1
479,quesadilla,305,meal,lunch,400,18.0,3.7,35.0,0.83,22.0,2.0,3.0,50,700.0,13.4,238.6,10.3
480,sour cream,338,condiment,lunch,30,0.4,11.9,0.6,0.4,2.9,0.4,0.0,6,12.0,8.3,176.0,4.3
481,salsa,492,condiment,lunch,10,0.5,10.7,2.0,2.43,0.0,1.0,0.5,0,120.0,85.5,32.6,13.1
482,red cabbage,115,vegetable,dinner,22,1.1,1.5,5.2,4.43,0.1,2.8,1.6,0,8.0,84.8,463.4,3.3
483,duck,320,protein,dinner,285,16.0,8.6,0.0,3.18,24.0,0.0,0.0,72,65.0,66.8,305.3,2.7
484,orange sauce,243,condiment,dinner,90,0.5,1.1,22.0,2.94,0.0,20.0,0.5,0,200.0,96.6,208.4,3.2
485,wild rice,459,grain,dinner,166,6.5,1.9,35.0,4.95,0.6,1.2,3.0,0,5.0,88.2,368.8,9.7
486,cupcake,118,dessert,snack,240,2.0,7.4,35.0,1.76,11.0,25.0,1.0,30,200.0,94.1,209.6,14.9
487,frosting,97,condiment,snack,140,0.0,4.1,22.0,2.01,6.0,22.0,0.0,0,65.0,17.2,56.2,3.8
488,hot sauce,368,condiment,breakfast,0,0.0,21.7,0.0,2.1,0.0,0.0,0.0,0,35.0,60.6,58.4,6.7
489,bison burger,315,protein,lunch,150,22.0,13.9,0.0,2.74,7.0,0.0,0.0,70,65.0,62.9,441.2,4.2
490,pretzel bun,186,grain,lunch,230,8.0,14.7,45.0,2.74,2.0,4.0,2.0,0,550.0,63.6,131.0,1.7
491,spicy mustard,354,condiment,lunch,10,0.5,10.5,1.0,3.9,0.5,0.0,0.5,0,120.0,90.0,284.4,2.2
492,pasta salad,451,meal,lunch,280,8.0,7.9,30.0,1.17,14.0,5.0,4.0,10,450.0,55.3,449.4,4.7
493,salami,468,protein,lunch,110,6.0,1.7,1.0,1.61,9.0,0.5,0.0,30,500.0,28.9,441.4,11.4
494,pepperoncini,55,vegetable,lunch,10,0.5,5.9,2.0,3.51,0.0,1.0,1.0,0,350.0,87.5,59.1,8.4
495,coconut milk,309,condiment,dinner,111,1.1,4.0,2.9,3.8,11.6,1.5,0.5,0,8.0,51.2,429.0,1.4
496,green curry paste,270,condiment,dinner,30,0.5,23.8,2.0,1.37,2.5,1.0,1.0,0,400.0,0.2,227.4,11.0
497,chicken thigh,414,protein,dinner,210,24.0,14.1,0.0,1.75,13.0,0.0,0.0,120,90.0,9.3,45.8,11.0
498,jasmine rice,368,grain,dinner,205,4.3,15.1,45.0,0.65,0.4,0.0,0.6,0,2.0,23.5,437.6,5.5
499,thai iced tea,443,beverage,snack,250,3.0,21.9,35.0,0.15,12.0,33.0,0.0,35,50.0,32.0,120.8,8.3
500,papaya,218,fruit,snack,62,0.6,2.0,15.7,4.74,0.4,11.0,2.5,0,12.0,69.8,451.7,3.8
501,lime juice,73,condiment,snack,4,0.1,17.6,1.3,1.89,0.0,0.2,0.1,0,0.0,19.1,279.7,7.4
502,macaroni salad,224,meal,lunch,380,8.0,17.4,30.0,4.73,25.0,6.0,3.0,20,750.0,74.1,449.1,9.7
503,celery,366,vegetable,lunch,6,0.3,11.2,1.2,1.19,0.1,0.5,0.6,0,32.0,22.9,381.3,11.8
504,blue cheese,109,dairy,snack,100,6.0,13.6,0.7,1.6,8.0,0.1,0.0,21,325.0,53.7,491.6,12.1
505,dark chocolate,426,dessert,snack,170,2.2,2.9,13.0,2.61,12.0,7.0,3.0,0,5.0,11.8,113.0,13.2
506,acai bowl,332,meal,breakfast,350,5.0,2.6,60.0,4.51,12.0,30.0,10.0,0,40.0,90.9,455.0,9.8
507,granola,124,grain,breakfast,120,3.0,4.1,15.0,1.17,6.0,7.0,3.0,0,20.0,53.7,411.2,2.9
508,coconut flakes,442,fruit,breakfast,35,0.3,6.5,1.5,2.07,3.3,0.5,0.7,0,1.0,29.8,395.1,1.6
509,honey,73,condiment,breakfast,21,0.0,4.5,5.8,4.58,0.0,5.8,0.0,0,0.0,14.0,285.9,8.7
510,shrimp cocktail,392,protein,snack,60,10.0,16.1,1.0,1.17,1.0,0.5,0.0,110,300.0,36.6,172.9,13.7
511,cocktail sauce,117,condiment,snack,30,0.5,3.4,7.0,0.35,0.0,5.0,0.5,0,450.0,58.9,222.8,5.6
512,pork bun,385,meal,lunch,220,8.0,23.5,30.0,2.7,8.0,6.0,2.0,20,400.0,33.4,353.3,10.3
513,dim sum,196,meal,lunch,180,12.0,22.9,10.0,2.35,10.0,1.0,2.0,60,550.0,71.8,451.6,6.0
514,soy sauce,101,condiment,lunch,9,1.0,23.8,1.0,3.9,0.0,0.4,0.1,0,920.0,3.5,221.2,3.9
515,oyster,153,protein,dinner,8,1.0,1.3,0.5,1.86,0.2,0.0,0.0,10,50.0,61.5,176.3,6.6
516,mignonette sauce,453,condiment,dinner,5,0.0,21.8,1.0,3.35,0.0,0.5,0.0,0,30.0,97.9,375.9,0.5
517,beef pho,331,meal,dinner,450,30.0,24.9,55.0,4.31,12.0,5.0,4.0,60,1500.0,34.5,451.5,14.1
518,bean sprouts,355,vegetable,dinner,8,0.8,16.9,1.5,4.14,0.1,1.0,0.4,0,1.0,28.5,102.4,11.0
519,thai basil,338,condiment,dinner,1,0.1,0.8,0.0,2.39,0.0,0.0,0.0,0,0.0,63.4,389.2,3.8
520,lime wedge,456,condiment,dinner,3,0.1,21.8,1.0,2.2,0.0,0.2,0.3,0,0.0,3.7,343.1,2.3
521,jalapeno,432,vegetable,dinner,4,0.1,7.3,0.8,0.06,0.1,0.5,0.4,0,1.0,51.9,360.1,11.5
522,hoisin sauce,187,condiment,dinner,35,0.3,24.9,8.0,2.03,0.2,5.0,0.1,0,220.0,19.7,408.0,11.1
523,sriracha,391,condiment,dinner,5,0.1,12.2,1.0,4.28,0.1,0.8,0.1,0,80.0,82.7,440.6,3.6
524,crepe,102,grain,breakfast,90,3.5,7.3,14.0,2.6,2.0,3.0,0.5,25,100.0,13.3,123.1,6.9
525,nutella,495,condiment,breakfast,100,1.5,6.1,11.0,2.21,6.0,10.0,1.0,0,10.0,55.7,293.4,14.4
526,powdered sugar,86,condiment,breakfast,10,0.0,11.8,2.5,1.82,0.0,2.5,0.0,0,0.0,79.3,78.0,12.7
527,sake,162,beverage,dinner,117,0.4,13.2,3.8,1.6,0.0,0.0,0.0,0,4.0,27.6,370.7,5.8
528,edamame,471,legume,snack,120,11.0,8.1,9.0,0.5,5.0,2.0,5.0,0,9.0,10.3,369.5,9.3
529,sea salt,482,condiment,snack,0,0.0,18.0,0.0,0.37,0.0,0.0,0.0,0,550.0,80.3,165.6,9.1
530,biryani,466,protein,dinner,520,28.0,21.5,60.0,3.7,18.0,6.0,5.0,75,900.0,59.3,155.8,7.1
531,raita,71,condiment,dinner,30,1.0,14.8,2.0,2.83,2.0,1.5,0.5,5,100.0,74.3,490.7,14.8
532,lassi,200,beverage,snack,180,5.0,11.4,30.0,2.26,4.0,28.0,1.0,15,60.0,16.5,9.5,7.7
533,samosa,391,snack,snack,130,2.0,16.8,18.0,2.19,6.0,1.0,2.0,0,300.0,57.0,341.1,11.1
534,tamarind chutney,413,condiment,snack,20,0.1,10.2,5.0,2.06,0.0,4.0,0.5,0,120.0,71.4,204.6,0.2
535,mint chutney,278,condiment,snack,5,0.2,17.9,0.5,1.14,0.0,0.2,0.3,0,150.0,11.7,89.7,9.1
536,pani puri,244,snack,snack,200,4.0,16.0,35.0,3.41,5.0,2.0,3.0,0,400.0,38.2,393.0,1.2
537,passion fruit,397,fruit,snack,17,0.4,23.5,4.2,0.8,0.1,2.0,1.9,0,5.0,92.8,463.7,5.4
538,kimchi jjigae,307,meal,dinner,350,15.0,23.7,20.0,2.22,22.0,6.0,5.0,30,1200.0,34.8,270.2,4.7
539,silken tofu,398,protein,dinner,45,5.0,24.4,2.0,2.36,2.5,1.0,0.5,0,5.0,20.1,290.5,2.2
540,pork belly,130,protein,dinner,145,3.0,4.2,0.0,2.05,15.0,0.0,0.0,20,150.0,94.0,57.8,5.9
541,gochugaru,76,condiment,dinner,10,0.3,6.4,1.8,1.05,0.3,0.3,0.5,0,1.0,30.2,252.2,10.4
542,gochujang,360,condiment,dinner,30,0.5,24.2,6.0,4.63,0.0,4.0,0.5,0,200.0,4.7,475.7,7.8
543,sesame oil,378,condiment,dinner,40,0.0,6.5,0.0,2.12,4.5,0.0,0.0,0,0.0,10.0,333.7,10.8
544,fish sauce,397,condiment,dinner,5,0.4,18.4,0.5,2.01,0.0,0.4,0.0,0,450.0,4.3,313.0,14.3
545,green onion,473,vegetable,dinner,3,0.2,24.1,0.7,2.72,0.0,0.2,0.2,0,0.0,58.2,5.0,2.9
546,kombucha,93,beverage,snack,60,0.0,10.9,14.0,0.29,0.0,12.0,0.0,0,20.0,55.8,446.3,4.1
547,beef wellington,251,protein,dinner,600,30.0,0.5,35.0,0.41,38.0,4.0,4.0,100,850.0,76.2,288.5,11.0
548,pate,429,condiment,dinner,70,1.0,17.9,2.0,3.63,7.0,1.0,1.0,0,100.0,37.0,55.0,11.4
549,puff pastry,60,grain,dinner,115,1.5,10.2,9.0,3.77,8.0,0.0,0.5,0,100.0,31.4,136.0,12.3
550,prosciutto,426,protein,dinner,35,4.0,9.7,0.0,1.1,2.5,0.0,0.0,10,280.0,57.5,319.6,11.2
551,asparagus,463,vegetable,dinner,40,4.0,3.7,4.0,4.1,2.0,2.0,3.0,0,150.0,39.3,335.4,2.6
552,hollandaise sauce,421,condiment,dinner,55,0.5,9.6,0.2,0.03,6.0,0.1,0.0,25,75.0,90.4,269.1,3.3
553,flan,406,dessert,snack,220,6.0,24.0,35.0,4.89,7.0,33.0,0.0,90,80.0,24.4,416.1,13.7
554,caramel sauce,140,condiment,snack,60,0.0,18.9,13.0,1.89,1.0,12.0,0.0,5,30.0,54.4,456.0,11.1
555,congee,431,meal,breakfast,130,2.5,11.2,28.0,3.06,1.0,0.5,1.0,0,300.0,53.2,478.5,3.0
556,pickled radish,453,vegetable,breakfast,15,0.5,7.3,3.0,1.48,0.0,2.0,1.0,0,250.0,32.9,141.9,10.3
557,pork floss,324,protein,breakfast,50,4.0,6.2,3.0,4.44,2.0,2.5,0.0,10,150.0,33.1,222.6,11.4
558,century egg,434,protein,breakfast,100,7.0,15.2,1.0,4.63,7.0,0.5,0.0,200,300.0,9.7,72.2,13.0
559,arugula,279,vegetable,lunch,10,1.0,0.9,0.8,4.61,0.2,0.4,0.4,0,6.0,99.8,304.8,9.1
560,goat cheese,419,dairy,lunch,103,6.1,2.5,0.1,4.19,8.5,0.1,0.0,22,146.0,59.5,430.5,3.8
561,beets,179,vegetable,lunch,30,0.8,8.4,6.8,3.24,0.1,5.8,1.4,0,50.0,10.2,368.7,5.2
562,walnuts,394,nut,lunch,46,1.1,23.1,1.0,4.59,4.6,0.2,0.5,0,0.0,19.5,169.6,8.3
563,balsamic glaze,417,condiment,lunch,40,0.0,9.6,9.0,2.4,0.0,8.0,0.0,0,10.0,15.4,346.8,10.0
564,bobotie,185,protein,dinner,450,25.0,7.3,30.0,4.66,25.0,15.0,5.0,150,700.0,74.4,210.6,1.3
565,yellow rice,402,grain,dinner,230,4.0,3.5,50.0,1.08,1.0,1.0,2.0,0,300.0,2.9,444.7,14.2
566,chutney,188,condiment,dinner,45,0.1,0.9,11.0,4.67,0.1,10.0,0.5,0,180.0,93.0,194.9,3.8
567,malva pudding,409,dessert,snack,380,5.0,2.7,60.0,1.34,14.0,40.0,2.0,60,350.0,97.5,81.0,7.2
568,custard,93,condiment,snack,80,3.0,11.6,10.0,3.11,3.0,8.0,0.0,40,40.0,37.0,6.8,1.3
569,bubble tea,219,beverage,snack,320,2.0,9.8,70.0,1.58,4.0,60.0,1.0,10,100.0,15.4,461.3,8.6
570,tapioca pearls,243,condiment,snack,100,0.0,20.1,25.0,4.34,0.0,20.0,0.0,0,5.0,20.9,326.2,9.7
571,paella,78,meal,dinner,550,30.0,17.4,70.0,2.72,18.0,5.0,6.0,110,1200.0,38.7,447.5,0.1
572,chorizo,268,protein,dinner,130,6.0,10.0,1.0,1.86,11.0,0.5,0.0,30,350.0,91.0,410.1,10.7
573,saffron,197,condiment,dinner,1,0.0,20.9,0.1,4.34,0.0,0.0,0.0,0,0.0,23.0,169.9,4.8
574,aioli,151,condiment,dinner,95,0.1,1.2,0.5,0.9,10.5,0.1,0.0,5,70.0,5.6,194.1,0.7
575,gazpacho,370,meal,lunch,90,2.0,6.1,12.0,2.38,4.0,7.0,3.0,0,600.0,64.2,30.9,2.9
576,croutons,131,grain,lunch,50,1.5,0.4,7.0,3.28,2.0,0.5,0.5,0,140.0,1.2,445.2,1.0
577,olive oil,334,condiment,lunch,40,0.0,10.3,0.0,4.84,4.5,0.0,0.0,0,0.0,64.7,363.0,8.9
578,churros,92,dessert,snack,240,3.0,22.4,30.0,2.17,12.0,10.0,1.5,20,200.0,35.6,263.5,9.2
579,chocolate sauce,273,condiment,snack,50,0.5,24.1,10.0,4.64,1.5,8.0,1.0,0,5.0,36.6,367.1,0.7
580,cinnamon sugar,267,condiment,snack,20,0.0,24.5,5.0,4.98,0.0,5.0,0.0,0,0.0,55.8,186.9,0.3
581,horchata,179,beverage,snack,140,2.0,23.9,25.0,3.19,3.0,22.0,1.0,5,30.0,0.6,167.3,3.5
582,ceviche,232,meal,lunch,180,25.0,6.8,15.0,1.36,2.0,4.0,3.0,45,700.0,51.3,382.9,1.3
583,red onion,401,vegetable,lunch,16,0.3,1.6,3.7,2.75,0.0,1.8,0.4,0,1.0,31.6,22.2,0.7
584,cilantro,458,condiment,lunch,1,0.1,3.5,0.0,2.14,0.0,0.0,0.1,0,0.0,69.9,101.2,7.3
585,corn nuts,420,snack,snack,130,2.0,6.9,23.0,3.67,4.0,0.0,2.0,0,180.0,24.4,486.1,0.4
586,lomo saltado,158,protein,dinner,500,35.0,3.5,45.0,4.7,22.0,6.0,5.0,90,1100.0,11.7,175.1,14.7
587,french fries,149,vegetable,dinner,200,2.0,15.8,25.0,2.16,10.0,0.2,2.0,0,130.0,87.6,349.0,0.3
588,soy sauce,194,condiment,dinner,9,1.0,3.2,1.0,2.68,0.0,0.4,0.1,0,920.0,95.4,48.1,6.8
589,aji amarillo paste,305,condiment,dinner,5,0.1,11.1,1.0,0.01,0.0,0.5,0.5,0,50.0,78.5,322.5,11.8
590,pisco sour,396,beverage,snack,250,1.0,3.9,25.0,2.47,0.0,24.0,0.0,5,5.0,54.8,218.2,0.6
591,egg white,237,condiment,snack,17,3.6,17.2,0.2,4.69,0.0,0.2,0.0,0,55.0,42.4,371.9,9.0
592,angostura bitters,222,condiment,snack,5,0.0,3.4,0.0,1.56,0.0,0.0,0.0,0,0.0,64.1,77.4,12.6
593,alfajores,294,dessert,snack,180,2.0,1.9,22.0,3.92,10.0,15.0,1.0,20,60.0,98.7,237.2,13.6
594,dulce de leche,446,condiment,snack,65,1.0,20.4,12.0,2.3,1.5,10.0,0.0,5,30.0,59.0,166.6,13.6
595,coconut,350,fruit,snack,10,0.1,20.1,0.5,3.35,1.0,0.1,0.2,0,0.0,65.6,211.7,6.4
596,mate,244,beverage,breakfast,5,0.2,5.1,1.0,1.48,0.0,0.0,0.0,0,2.0,42.0,226.6,15.0
597,media luna,205,grain,breakfast,190,4.0,0.4,25.0,0.06,8.0,9.0,1.0,25,150.0,96.6,91.9,0.5
598,chimichurri,84,condiment,dinner,45,0.1,6.5,0.5,2.68,4.5,0.1,0.2,0,100.0,74.7,406.6,9.7
599,skirt steak,70,protein,dinner,240,26.0,11.9,0.0,4.47,15.0,0.0,0.0,80,70.0,78.5,425.9,4.2
600,provoleta,123,dairy,dinner,100,7.0,6.4,1.0,1.51,8.0,0.5,0.0,20,250.0,80.2,296.7,1.2
601,oregano,386,condiment,dinner,3,0.1,14.0,0.7,3.03,0.0,0.0,0.2,0,0.0,73.3,37.6,8.5
602,empanada,206,meal,lunch,290,10.0,18.7,28.0,4.83,16.0,3.0,3.0,30,550.0,50.5,159.4,13.3
603,chicken milanesa,196,protein,dinner,450,35.0,12.9,30.0,1.11,22.0,2.0,3.0,100,700.0,98.1,75.3,1.2
604,mashed potatoes,437,vegetable,dinner,150,3.0,0.3,25.0,4.08,4.0,2.0,2.0,10,300.0,95.7,155.4,9.5
605,flan,498,dessert,snack,220,6.0,3.6,35.0,1.8,7.0,33.0,0.0,90,80.0,49.3,263.8,2.6
606,choripan,349,meal,lunch,550,20.0,19.0,40.0,3.61,35.0,4.0,3.0,80,1100.0,38.6,437.5,12.4
607,baguette,170,grain,lunch,70,2.5,23.7,14.0,3.41,0.5,0.5,0.6,0,150.0,41.2,270.1,12.0
608,chimichurri,462,condiment,lunch,45,0.1,7.5,0.5,4.66,4.5,0.1,0.2,0,100.0,79.3,189.8,7.2
609,pizza,470,meal,dinner,250,12.0,19.0,30.0,2.93,10.0,4.0,3.0,25,600.0,77.8,355.6,12.6
610,fresh mozzarella,474,dairy,dinner,72,5.0,6.2,0.8,4.56,5.0,0.3,0.0,22,138.0,50.6,441.2,5.7
611,basil,472,condiment,dinner,1,0.1,24.8,0.1,3.32,0.0,0.0,0.1,0,0.0,67.6,98.0,7.6
612,carbonara,244,meal,dinner,650,25.0,18.1,60.0,2.86,35.0,4.0,4.0,250,900.0,71.8,369.1,7.5
613,guanciale,177,protein,dinner,170,3.0,9.2,0.0,4.63,18.0,0.0,0.0,35,450.0,23.5,266.1,2.0
614,pecorino cheese,185,dairy,dinner,25,1.5,6.8,0.1,1.06,2.0,0.0,0.0,6,110.0,34.2,225.1,13.3
615,black pepper,257,condiment,dinner,1,0.0,10.8,0.2,4.13,0.0,0.0,0.1,0,0.0,71.1,120.6,1.0
616,egg yolk,355,protein,dinner,55,2.7,4.4,0.6,4.55,4.5,0.3,0.0,184,8.0,68.8,87.7,3.0
617,supplì,483,snack,snack,200,8.0,15.1,25.0,3.17,8.0,2.0,2.0,25,400.0,85.3,212.4,6.3
618,aperol spritz,76,beverage,snack,180,0.0,4.5,20.0,4.44,0.0,20.0,0.0,0,10.0,21.8,227.0,1.8
619,prosecco,263,beverage,snack,70,0.0,9.2,2.0,0.19,0.0,1.5,0.0,0,5.0,72.8,25.1,14.0
620,club soda,246,beverage,snack,0,0.0,10.5,0.0,4.08,0.0,0.0,0.0,0,20.0,75.0,391.6,2.9
621,orange slice,272,fruit,snack,5,0.1,15.1,1.0,3.87,0.0,0.8,0.2,0,0.0,78.1,419.4,6.4
622,tagliatelle al ragù,458,meal,dinner,550,28.0,11.9,65.0,4.5,20.0,8.0,7.0,70,850.0,37.1,144.1,11.8
623,ground beef,440,protein,dinner,140,11.0,20.8,0.0,4.95,10.0,0.0,0.0,35,40.0,44.9,346.1,11.1
624,pancetta,244,protein,dinner,45,1.5,10.0,0.0,1.15,4.5,0.0,0.0,10,160.0,58.8,315.8,5.4
625,carrot,373,vegetable,dinner,10,0.2,2.1,2.4,0.86,0.1,1.2,0.7,0,17.0,22.6,386.5,0.9
626,celery,55,vegetable,dinner,2,0.1,18.2,0.4,0.91,0.0,0.2,0.2,0,12.0,51.2,4.1,2.9
627,onion,90,vegetable,dinner,5,0.1,17.1,1.2,3.34,0.0,0.6,0.2,0,1.0,14.1,62.6,1.1
628,crushed tomatoes,369,vegetable,dinner,20,1.0,20.7,4.0,2.48,0.0,3.0,1.5,0,200.0,5.3,75.8,10.8
629,parmigiano-reggiano,482,dairy,dinner,22,2.0,12.3,0.2,4.02,1.5,0.0,0.0,4,95.0,74.3,23.2,13.5
630,cannoli,295,dessert,snack,240,5.0,1.5,25.0,4.41,13.0,18.0,1.0,30,100.0,64.5,380.3,4.2
631,ricotta,152,dairy,snack,49,3.2,19.1,0.8,3.57,3.8,0.1,0.0,14,23.0,32.2,149.0,13.5
632,pistachio,143,nut,snack,10,0.4,19.4,0.5,0.11,0.8,0.1,0.2,0,0.0,69.4,65.1,1.0
633,biscotti,213,dessert,snack,110,2.0,9.8,18.0,4.66,4.0,9.0,1.0,15,50.0,42.3,132.1,1.2
634,espresso,71,beverage,snack,2,0.2,23.6,0.0,3.99,0.0,0.0,0.0,0,1.0,92.7,330.5,13.5
635,focaccia,356,grain,lunch,250,8.0,5.9,40.0,2.08,7.0,2.0,2.0,0,500.0,49.8,69.0,6.9
636,rosemary,264,condiment,lunch,1,0.0,21.1,0.2,3.0,0.0,0.0,0.1,0,0.0,4.8,493.0,8.3
637,coarse salt,444,condiment,lunch,0,0.0,22.5,0.0,3.99,0.0,0.0,0.0,0,200.0,55.4,109.6,0.4
638,olive oil,303,condiment,lunch,120,0.0,3.9,0.0,3.27,14.0,0.0,0.0,0,0.0,91.2,301.9,12.3
639,bruschetta,137,snack,snack,180,4.0,5.7,25.0,3.42,7.0,4.0,3.0,0,350.0,83.3,429.0,14.5
640,balsamic glaze,126,condiment,snack,13,0.0,17.2,3.0,3.51,0.0,2.7,0.0,0,3.0,69.3,292.4,5.8
641,ribollita,387,meal,dinner,350,15.0,20.5,55.0,0.66,8.0,10.0,14.0,5,900.0,78.3,411.5,5.8
642,cannellini beans,271,legume,dinner,105,7.0,12.0,20.0,2.02,0.5,1.0,6.0,0,230.0,15.9,342.9,1.7
643,kale,422,vegetable,dinner,33,2.9,13.5,6.0,1.17,0.6,1.0,2.0,0,29.0,3.6,332.3,1.3
644,stale bread,67,grain,dinner,80,3.0,10.0,15.0,3.6,1.0,1.5,1.0,0,160.0,19.0,158.1,13.8
645,polenta,181,meal,dinner,150,3.0,23.1,32.0,3.5,1.0,1.0,3.0,5,350.0,8.2,134.6,3.2
646,gorgonzola cheese,403,dairy,dinner,100,6.0,16.5,0.7,3.03,8.0,0.1,0.0,21,325.0,50.2,263.3,9.6
647,negroni,349,beverage,snack,190,0.0,20.9,15.0,1.68,0.0,15.0,0.0,0,5.0,72.6,178.1,6.8
648,gin,123,beverage,snack,70,0.0,14.3,0.0,4.99,0.0,0.0,0.0,0,0.0,81.1,203.9,8.9
649,campari,369,beverage,snack,80,0.0,4.7,10.0,3.68,0.0,10.0,0.0,0,5.0,66.6,350.4,7.5
650,sweet vermouth,76,beverage,snack,40,0.0,9.5,5.0,4.48,0.0,5.0,0.0,0,0.0,34.5,362.0,14.8
651,orange peel,426,condiment,snack,1,0.0,8.3,0.2,4.95,0.0,0.0,0.1,0,0.0,9.5,180.4,4.0
652,osso buco,68,protein,dinner,550,45.0,1.4,15.0,3.71,30.0,6.0,4.0,150,900.0,95.5,399.5,3.6
653,gremolata,272,condiment,dinner,15,0.5,13.6,1.0,0.76,1.0,0.5,0.5,0,5.0,41.2,450.0,8.8
654,risotto alla milanese,399,meal,dinner,350,10.0,22.2,50.0,0.35,12.0,3.0,3.0,30,700.0,26.4,401.3,0.7
655,saffron,160,condiment,dinner,1,0.0,9.0,0.1,1.16,0.0,0.0,0.0,0,0.0,70.1,401.2,2.4
656,panettone,125,dessert,snack,320,6.0,8.7,50.0,1.0,12.0,25.0,3.0,70,200.0,32.3,334.1,1.7
657,candied fruit,347,fruit,snack,30,0.0,20.8,8.0,1.06,0.0,8.0,0.5,0,5.0,84.1,364.6,10.8
658,amaretti cookie,212,dessert,snack,90,2.0,8.6,12.0,3.08,4.0,10.0,1.0,0,10.0,56.7,278.7,3.4
659,limoncello,245,beverage,snack,150,0.0,5.9,18.0,1.5,0.0,18.0,0.0,0,0.0,60.9,306.8,2.3
660,panna cotta,260,dessert,snack,300,4.0,12.5,25.0,3.31,20.0,22.0,0.0,70,50.0,90.4,35.7,8.8
661,berry coulis,485,condiment,snack,20,0.0,19.1,5.0,4.08,0.0,4.5,0.5,0,0.0,18.6,388.5,5.2
662,saltimbocca,242,protein,dinner,380,38.0,23.4,5.0,1.19,22.0,1.0,0.5,120,850.0,19.5,498.9,12.0
663,prosciutto,191,protein,dinner,35,4.0,9.7,0.0,2.53,2.5,0.0,0.0,10,280.0,51.6,437.5,1.6
664,sage,247,condiment,dinner,1,0.0,3.1,0.1,1.59,0.0,0.0,0.1,0,0.0,26.1,160.7,10.6
665,white wine sauce,252,condiment,dinner,80,1.0,5.1,4.0,0.1,6.0,2.0,0.5,5,300.0,79.4,211.2,6.7
666,polenta,154,meal,dinner,120,2.5,2.7,25.0,4.86,1.0,0.5,2.0,0,300.0,19.5,212.4,3.7
667,caponata,436,meal,dinner,180,2.0,18.1,15.0,0.24,14.0,9.0,5.0,0,400.0,41.0,304.0,14.4
668,eggplant,443,vegetable,dinner,40,0.5,5.6,6.0,4.24,2.0,3.0,2.0,0,150.0,71.7,45.7,10.8
669,pine nuts,128,nut,dinner,48,1.0,20.7,1.0,2.05,5.0,0.2,0.2,0,0.0,37.3,245.6,4.2
670,raisins,248,fruit,dinner,27,0.3,15.4,7.0,1.09,0.0,6.0,0.3,0,1.0,85.6,467.0,11.6
671,gelato,476,dessert,snack,220,5.0,14.5,24.0,0.79,12.0,20.0,2.0,40,60.0,12.4,428.6,10.9
672,waffle cone,264,grain,snack,70,1.0,4.1,13.0,0.83,1.5,7.0,0.5,5,30.0,72.6,161.4,4.6
673,cacio e pepe,421,meal,dinner,500,18.0,22.6,65.0,1.98,19.0,3.0,4.0,50,700.0,44.8,370.2,13.8
674,pecorino romano,105,dairy,dinner,110,7.5,6.3,1.0,0.44,8.5,0.0,0.0,25,450.0,16.9,128.7,1.9
675,black pepper,364,condiment,dinner,3,0.1,12.1,0.7,2.65,0.0,0.0,0.3,0,0.0,56.9,10.1,8.2
676,fiorentina steak,82,protein,dinner,230,24.0,12.2,0.0,2.11,15.0,0.0,0.0,75,60.0,22.7,117.0,1.6
677,olive oil,397,condiment,dinner,120,0.0,18.1,0.0,3.35,14.0,0.0,0.0,0,0.0,11.3,163.2,10.2
678,rosemary,419,condiment,dinner,1,0.0,13.8,0.2,3.88,0.0,0.0,0.1,0,0.0,57.4,228.1,13.7
679,white beans,391,legume,dinner,150,8.0,5.6,20.0,2.42,4.0,2.0,7.0,0,350.0,50.7,484.8,7.2
680,garlic,352,vegetable,dinner,4,0.2,14.5,0.9,1.64,0.0,0.0,0.1,0,1.0,51.3,196.2,1.9
681,sage,262,condiment,dinner,1,0.0,17.1,0.1,0.9,0.0,0.0,0.1,0,0.0,12.6,199.8,13.0
682,arancini,479,snack,snack,250,9.0,7.9,30.0,1.9,10.0,3.0,3.0,30,500.0,46.7,455.7,6.4
683,ragù,493,condiment,snack,25,1.5,1.4,1.0,3.23,1.5,0.5,0.5,5,60.0,7.7,124.3,2.8
684,mozzarella,300,dairy,snack,40,3.0,21.3,0.5,0.64,3.0,0.2,0.0,10,75.0,30.5,496.2,7.8
685,breadcrumbs,106,grain,snack,25,0.5,8.8,4.0,2.47,0.5,0.5,0.5,0,50.0,83.3,252.1,13.3
686,campari & soda,251,beverage,snack,85,0.0,5.2,10.0,0.49,0.0,10.0,0.0,0,25.0,35.3,455.8,13.7
687,olive,486,fruit,snack,5,0.0,18.9,0.1,4.12,0.5,0.0,0.1,0,30.0,35.3,97.8,1.1
688,vitello tonnato,325,protein,lunch,380,35.0,7.5,3.0,2.48,25.0,1.0,0.5,110,600.0,3.7,393.3,8.2
689,tuna sauce,353,condiment,lunch,100,4.0,6.1,1.0,1.92,9.0,0.5,0.0,15,200.0,99.5,423.8,8.5
690,capers,331,condiment,lunch,2,0.2,8.1,0.4,3.97,0.1,0.1,0.3,0,200.0,9.6,365.0,14.5
691,lemon slice,443,condiment,lunch,1,0.0,24.9,0.3,1.32,0.0,0.1,0.1,0,0.0,51.2,92.5,12.1
692,gnocchi alla sorrentina,180,meal,dinner,450,15.0,20.9,60.0,4.11,18.0,9.0,6.0,40,800.0,4.8,13.3,3.7
693,tomato sauce,246,condiment,dinner,40,1.5,3.8,7.0,0.7,1.0,4.0,2.0,0,350.0,0.9,183.6,13.9
694,mozzarella,54,dairy,dinner,80,6.0,0.8,1.0,1.09,6.0,0.5,0.0,20,150.0,25.4,281.2,4.7
695,basil,182,condiment,dinner,1,0.1,19.6,0.0,4.85,0.0,0.0,0.1,0,0.0,10.8,215.0,0.3
696,parmigiano-reggiano,168,dairy,dinner,22,2.0,11.3,0.2,2.76,1.5,0.0,0.0,4,95.0,56.5,212.1,0.9
697,pesto,375,condiment,dinner,290,5.0,7.0,4.0,1.34,29.0,1.0,2.0,5,600.0,54.2,11.5,2.6
698,pine nuts,161,nut,dinner,95,2.0,9.6,2.0,0.36,10.0,0.5,0.5,0,0.0,62.7,189.3,14.9
699,garlic,479,vegetable,dinner,2,0.1,0.6,0.5,0.29,0.0,0.0,0.0,0,0.0,10.7,46.3,2.4
700,trofie pasta,379,grain,dinner,210,7.0,0.1,43.0,3.16,1.0,1.0,2.0,0,5.0,74.7,320.3,8.5
701,green beans,127,vegetable,dinner,15,0.9,6.6,3.5,4.11,0.1,1.6,1.3,0,3.0,0.2,71.6,9.0
702,potato,175,vegetable,dinner,65,1.0,24.0,15.0,0.11,0.1,0.5,1.0,0,3.0,94.6,421.1,7.1
703,espresso martini,144,beverage,snack,280,0.5,23.1,25.0,3.76,0.0,25.0,0.0,0,5.0,36.9,20.6,4.9
704,vodka,119,beverage,snack,97,0.0,23.3,0.0,3.23,0.0,0.0,0.0,0,0.0,73.0,241.9,10.5
705,coffee liqueur,471,beverage,snack,100,0.0,16.0,15.0,4.35,0.0,15.0,0.0,0,2.0,27.4,391.9,2.6
706,espresso,282,beverage,snack,3,0.3,13.2,0.0,1.14,0.1,0.0,0.0,0,1.0,0.4,226.2,7.0
707,simple syrup,482,condiment,snack,30,0.0,5.0,8.0,3.68,0.0,8.0,0.0,0,0.0,51.4,394.8,4.3
708,coffee beans,259,snack,snack,2,0.1,2.1,0.3,4.35,0.0,0.0,0.1,0,0.0,57.6,460.7,14.7
709,baba ganoush,326,meal,snack,100,2.0,1.1,8.0,4.05,7.0,2.0,4.0,0,300.0,64.2,261.2,4.0
710,pita bread,393,grain,snack,165,5.5,23.1,33.0,4.86,1.2,1.5,1.5,0,310.0,85.5,28.5,5.6
711,falafel,145,meal,lunch,180,6.0,16.7,18.0,3.12,9.0,1.0,4.0,0,320.0,0.9,65.6,6.4
712,tahini sauce,465,condiment,lunch,30,1.0,7.6,1.5,2.89,2.5,0.0,0.5,0,45.0,99.2,117.7,10.3
713,pickled turnips,158,vegetable,lunch,10,0.2,11.4,2.0,2.65,0.0,1.0,0.5,0,200.0,71.7,277.8,7.2
714,shawarma,487,meal,lunch,550,30.0,21.1,50.0,1.18,25.0,5.0,6.0,80,1100.0,56.2,112.0,13.6
715,garlic sauce,116,condiment,lunch,90,0.1,1.3,1.0,4.81,10.0,0.5,0.0,5,80.0,73.1,315.5,9.0
716,hummus,257,legume,lunch,130,5.0,23.5,10.0,4.61,8.0,1.0,4.0,0,250.0,16.1,293.7,9.0
717,tabouli,77,meal,lunch,120,3.0,5.8,15.0,1.92,6.0,2.0,4.0,0,300.0,54.5,269.8,14.6
718,bulgur,343,grain,lunch,76,2.7,21.7,16.8,0.57,0.2,0.1,4.1,0,4.0,62.5,325.8,3.2
719,parsley,197,vegetable,lunch,5,0.3,9.6,1.0,0.95,0.1,0.1,0.5,0,5.0,60.7,310.4,0.2
720,mint,294,condiment,lunch,1,0.1,24.8,0.1,0.49,0.0,0.0,0.1,0,0.0,76.5,69.3,7.4
721,lemon juice,57,condiment,lunch,4,0.1,22.4,1.3,2.06,0.0,0.2,0.1,0,0.0,21.5,7.3,5.6
722,olive oil,441,condiment,lunch,120,0.0,20.6,0.0,4.2,14.0,0.0,0.0,0,0.0,55.1,78.1,4.1
723,kibbeh,230,protein,snack,230,9.0,7.4,20.0,1.87,13.0,1.0,3.0,30,450.0,34.7,396.6,2.9
724,pine nuts,172,nut,snack,48,1.0,18.9,1.0,4.25,5.0,0.2,0.2,0,0.0,99.7,209.2,9.9
725,ground lamb,189,protein,snack,80,5.5,11.7,0.0,2.87,6.0,0.0,0.0,20,20.0,68.2,128.1,13.3
726,bulgur,444,grain,snack,15,0.5,24.0,3.4,1.31,0.0,0.0,0.8,0,1.0,7.1,471.9,9.6
727,lentil soup,308,meal,lunch,200,10.0,8.5,30.0,2.04,5.0,4.0,10.0,0,700.0,47.9,442.7,13.4
728,cumin,148,condiment,lunch,8,0.3,19.6,1.5,4.65,0.5,0.1,0.4,0,3.0,16.9,5.3,12.3
729,coriander,292,condiment,lunch,5,0.1,17.3,1.0,0.03,0.2,0.0,0.5,0,1.0,55.7,30.5,1.7
730,lemon juice,392,condiment,lunch,1,0.0,14.7,0.4,2.69,0.0,0.1,0.0,0,0.0,45.5,187.6,4.1
731,pita crisps,112,snack,lunch,130,3.0,5.1,18.0,4.5,5.0,1.0,2.0,0,240.0,53.8,57.2,12.8
732,manakeesh,206,meal,breakfast,300,7.0,18.1,45.0,1.07,10.0,2.0,4.0,0,500.0,89.6,177.1,5.9
733,za'atar,335,condiment,breakfast,40,1.0,21.8,3.0,4.42,3.0,0.0,1.5,0,150.0,25.0,63.5,10.5
734,olive oil,262,condiment,breakfast,120,0.0,21.7,0.0,1.77,14.0,0.0,0.0,0,0.0,88.7,353.6,6.1
735,labneh,430,dairy,breakfast,60,4.0,1.0,2.0,3.64,4.0,2.0,0.0,15,80.0,88.3,144.9,8.9
736,cucumber,350,vegetable,breakfast,8,0.3,18.1,1.8,1.48,0.0,0.8,0.2,0,1.0,70.0,338.3,10.9
737,tomato,443,vegetable,breakfast,8,0.3,15.4,1.8,1.42,0.1,1.2,0.5,0,2.0,23.4,360.1,8.4
738,olives,464,fruit,breakfast,35,0.2,20.2,1.0,1.48,3.5,0.0,0.5,0,210.0,42.2,306.5,7.0
739,mint tea,476,beverage,breakfast,2,0.1,0.6,0.5,0.63,0.0,0.0,0.0,0,5.0,94.3,446.3,8.7
740,stuffed grape leaves,102,meal,snack,150,3.0,3.5,20.0,4.54,7.0,3.0,3.0,0,400.0,50.8,366.3,12.9
741,rice,218,grain,snack,51,1.1,4.2,11.1,1.09,0.1,0.0,0.1,0,0.0,94.7,437.9,6.9
742,turkish coffee,335,beverage,snack,5,0.2,16.2,0.5,1.11,0.0,0.0,0.0,0,1.0,78.4,398.6,12.6
743,cardamom,213,condiment,snack,1,0.0,9.1,0.2,1.31,0.0,0.0,0.1,0,0.0,41.7,24.2,6.5
744,shish tawook,302,protein,dinner,300,35.0,2.7,5.0,1.64,16.0,2.0,1.0,100,600.0,61.2,66.8,1.7
745,garlic sauce,124,condiment,dinner,90,0.1,12.6,1.0,0.77,10.0,0.5,0.0,5,80.0,30.1,398.5,4.2
746,french fries,180,vegetable,dinner,340,4.0,4.0,44.0,3.75,17.0,0.3,4.0,0,230.0,45.2,160.8,14.1
747,pickled cucumber,399,vegetable,dinner,10,0.5,8.2,2.0,1.81,0.0,1.0,1.0,0,300.0,84.6,215.3,14.0
748,fattoush salad,113,meal,lunch,250,5.0,15.5,25.0,3.99,15.0,5.0,6.0,0,500.0,16.4,33.5,5.2
749,fried pita,216,grain,lunch,80,2.0,4.8,12.0,1.74,3.0,0.5,1.0,0,150.0,73.9,27.9,9.7
750,sumac,374,condiment,lunch,5,0.1,3.0,1.0,0.36,0.2,0.0,0.5,0,1.0,79.2,146.2,3.6
751,pomegranate molasses,197,condiment,lunch,15,0.0,23.2,4.0,1.67,0.0,4.0,0.0,0,0.0,13.4,162.4,1.5
